artifactId,artifactType,fieldPath,unicodeCharacterCount,utf8ByteCount,utf8Sha256
u02-s012-lecture-r1,lecture,lectureId,19,19,d5da9f3271736c7e53bcaeb12dccd299a43d7bfd422e867dbb47d3fa3d4851a9
u02-s012-lecture-r1,lecture,unitId,3,3,95b6504a8bd60df3a9a19ef2c504ac03429b325e9b81f0d701d07bdf6def6afb
u02-s012-lecture-r1,lecture,topicId,16,16,66e703817676a7ab7aa5a3dd6de79c75ae4590ebd2b1cf827c0f3445df800ee6
u02-s012-lecture-r1,lecture,skillId,31,31,fb5a8839ea0502fb3bba0d84228e947652ca7b95fc68afd5710256ddd2bf76c0
u02-s012-lecture-r1,lecture,title,26,78,54697dad3cbed6e73bfca83a9f893b6fce6ac5f5e937fa1dbe4b5cc1cf60b546
u02-s012-lecture-r1,lecture,audience,10,30,e6b4416fbd9f36797de01256b31a4d6f6314e126fde8495e25792c814f64fc5f
u02-s012-lecture-r1,lecture,reviewStatus,22,22,ec809598e2f7fcc69fad54c9cd045bba62b4a0dc7c0ff90d4efdc3788c9ad8fb
u02-s012-lecture-r1,lecture,learningOutcomes[0],12,36,22d0d0a76b305e4e4203d90c8d3a53490b23f40e6c9a29e009549d809bb8d493
u02-s012-lecture-r1,lecture,learningOutcomes[1],13,39,72abc91e59c99c9d64b6e8ee83ad803b40d3ddaa6a7447466b4533e18debc2fc
u02-s012-lecture-r1,lecture,learningOutcomes[2],16,48,5b8843e22d20c39189d4b5fbd6343f1d03c6bc107b332ac2f4a143537b85f20f
u02-s012-lecture-r1,lecture,learningOutcomes[3],15,45,bd9927aa843e1525d9d55c70954a93c809065ee84ba0db58b9c4af954702be74
u02-s012-lecture-r1,lecture,prerequisites[0].skillId,21,21,b97edefce07bf8907bdb22975ca63120b07231b12a448d21443236b4df7862f1
u02-s012-lecture-r1,lecture,prerequisites[0].requiredLevel,21,63,3be3853f6769d492c0bf0cca147622c7d6fe4c7b0a7853f83cee06799efe9350
u02-s012-lecture-r1,lecture,glossary[0].term,3,9,f43bc188ad7d2e5b82e6345a82bed5a42eacf093248f3eaeeb0a31f8d632ed98
u02-s012-lecture-r1,lecture,glossary[0].definition,15,45,5005bcbb6e360cff0157d9bf8797d282b84a486f3d9d1fb776bc50de9296cdf0
u02-s012-lecture-r1,lecture,glossary[1].term,4,12,677fa27927ef87f767d6d57bd6141a6de2e8349409357d917a422d1015f2e992
u02-s012-lecture-r1,lecture,glossary[1].definition,18,54,2415aa88b372d4c97d64730b227a2f990e573f1cb3ecde739e8b22e3be12c80c
u02-s012-lecture-r1,lecture,glossary[2].term,3,9,9968eca0ecfe32264421b97834a69d8ab4eb010eab3a41256283acdafaf7121c
u02-s012-lecture-r1,lecture,glossary[2].definition,12,36,72c6f67e41029779974f895f683176716e08223e0605e023388a0c7a4a540b98
u02-s012-lecture-r1,lecture,glossary[3].term,3,9,f6a184e8cbc81ab9153149f8adfeebc8e7fe6a01693c9d83248db1271d0e2f46
u02-s012-lecture-r1,lecture,glossary[3].definition,12,36,130c472ea30ac71391620d668301f2b1ef273915de49dc16900a54f711b3f3b0
u02-s012-lecture-r1,lecture,notation[0].symbol,11,11,278226975db06f39295f8f75a0af0f79f3fc3449c1480ae819b59becbf9bd367
u02-s012-lecture-r1,lecture,notation[0].meaning,10,17,88fbbc5d3405aed26cd3165d948697a6bdd636e3424a8727a730a0cc138c174b
u02-s012-lecture-r1,lecture,conceptNarrative[0],17,51,59547dbcdc1e22cb62987d352394e2de87612f6d49de7ec2c9127b686a9b6d42
u02-s012-lecture-r1,lecture,conceptNarrative[1],27,81,da3a1bc48594f94bd35c205b09b2cc4663e4611cd8e02055daa42838d2695ab6
u02-s012-lecture-r1,lecture,conceptNarrative[2],36,108,b5fcecf2225a0b21e431a9f49fc04b3bc68a196668efcfbd520e28b2bf32aca4
u02-s012-lecture-r1,lecture,conceptNarrative[3],12,34,1c746cb094679e33ef965684648cda3692fec57c87a7291e9b295f01e0d3a35d
u02-s012-lecture-r1,lecture,formalDefinitions[0].name,3,9,f43bc188ad7d2e5b82e6345a82bed5a42eacf093248f3eaeeb0a31f8d632ed98
u02-s012-lecture-r1,lecture,formalDefinitions[0].statement,16,48,730b01961244fd9b88995831c958215ae1fe3bd771b25a885d5677bced48a485
u02-s012-lecture-r1,lecture,formalDefinitions[1].name,3,9,f7485111bed154186063028726c2752ccbf06dc1cc65e312cdf5e41a5283bd5a
u02-s012-lecture-r1,lecture,formalDefinitions[1].statement,13,39,a1d77e6d16c41bb7f074d9f5c67c5e3cde418e06ff2c4365fbec577c2f092b8f
u02-s012-lecture-r1,lecture,formulas[0].formula,17,17,776ae0ed312deda6af99ec5f9c4d2096fed9809ee9bebf369942dd25efc3fae0
u02-s012-lecture-r1,lecture,formulas[0].conditions[0],7,13,6db307430152ebcae8185eb3406545924b8d2f057cf223e9bd70a858ef06a625
u02-s012-lecture-r1,lecture,formulas[0].meaning,8,24,eb3a81ce25ffd1377844d25149ff30959ac2a016439b3bac657d5849edf97ecb
u02-s012-lecture-r1,lecture,nonApplicableCases[0],13,37,623d87df8bb177e564f99f1936d1236435b0538659ee0a2c0304eeaa986b3653
u02-s012-lecture-r1,lecture,nonApplicableCases[1],23,69,5358306b824b46b292ff12ee77667e5e5bbf9f5d4dd94ac9b91d637711342d3f
u02-s012-lecture-r1,lecture,nonApplicableCases[2],12,36,e3665d5f1b44a4d3ef88ad2d7891c10add15b4c5a7aa2d646533ff3d7482675d
u02-s012-lecture-r1,lecture,nonApplicableCases[3],18,54,98001749f54310c0911b745fc726f847ab3c211db1a36ec9c7c14fac36addce4
u02-s012-lecture-r1,lecture,method[0].instruction,12,36,9b76e615b60344c4f5433380ef319c950b1e0b830e3647ef5d42bb3daae8b269
u02-s012-lecture-r1,lecture,method[0].check,13,39,5bdbee24fcb887dc65f13f6520e232e4125565f46ee70bad8dcb88e8fc313f28
u02-s012-lecture-r1,lecture,method[1].instruction,9,27,7aca265321982e0aaf0f81cdd4e59c20de9838f250596ffaf8095a6a75ea1142
u02-s012-lecture-r1,lecture,method[1].check,8,24,76d88adfd02a6632feca2459d0e7da3e68a03171f498740dad182137c8f80be2
u02-s012-lecture-r1,lecture,method[2].instruction,8,22,0cbc57091344e94fc95f837bc6ae8dc1d1321827096092d9a6a91d5e52a46e79
u02-s012-lecture-r1,lecture,method[2].check,8,24,1ae6869c537eafccba0bccde0ae6a58b8e41c043d2954f1c5a57f49c06cdd771
u02-s012-lecture-r1,lecture,method[3].instruction,10,30,d32523fb2402055d7e5eadc1248777461239da343c93508150396f55125464e3
u02-s012-lecture-r1,lecture,method[3].check,9,27,4cfe8a2b05b1d4221cbfed7f50993f9b519f0ce6f22685c618fc50b30b6b2da6
u02-s012-lecture-r1,lecture,method[4].instruction,8,24,c998c113e91b18d415c2bcfd7fad6f9eb0db4a871113f151dfa1c7d70962c6de
u02-s012-lecture-r1,lecture,method[4].check,10,30,968d57b32ebcf44ab73928b2c4e05ec7da9a291d92b0366737e2047d69e73ab4
u02-s012-lecture-r1,lecture,workedExamples[0].exampleId,2,2,dffe8596427fc50e8f64654a609af134d45552f18bbecef90b31135a9e7acaa0
u02-s012-lecture-r1,lecture,workedExamples[0].prompt,13,15,4ff0e3ed09553c12d6867e5b32d6017ba1999b898656381031e0fe9ce5d722bf
u02-s012-lecture-r1,lecture,workedExamples[0].solutionSteps[0],11,18,af966092f86bc1ca3654241f0d6bd3cbdd22222f7246b2ccb560de309e7112f1
u02-s012-lecture-r1,lecture,workedExamples[0].solutionSteps[1],9,19,6cefb8316ad0b45e1eb827cd0e0b244fb84247ffee0aa5e90276057872f015a2
u02-s012-lecture-r1,lecture,workedExamples[0].answer,4,6,88433beb6272b4b26c0945fa768dbae4723bed9cfb0fcca645a73f8fb61028ff
u02-s012-lecture-r1,lecture,workedExamples[1].exampleId,2,2,d76354d8457898445bb69e0dc0dc95fb74cc3cf334f8c1859162a16ad0041f8d
u02-s012-lecture-r1,lecture,workedExamples[1].prompt,8,10,bfbe95cecfbb7a67748b8e2992644ca68cf111988b0e096bb752bb619b16c639
u02-s012-lecture-r1,lecture,workedExamples[1].solutionSteps[0],7,13,939d05163647a13cf7ab3558107cc102effe6e454a4c4e191adc83b54dcc921f
u02-s012-lecture-r1,lecture,workedExamples[1].solutionSteps[1],6,9,0720c7d3f70e28eb78ee6ca9e2a8592928e9ea4705204b3c54bcb9e43fd09323
u02-s012-lecture-r1,lecture,workedExamples[1].answer,5,7,6f09115dbd742f2e352c898024018330ae6989d8b4ca5a787114e72c70b737f6
u02-s012-lecture-r1,lecture,workedExamples[2].exampleId,2,2,842983de8fb1d277a3fad5c8295c7a14317c458718a10c5a35b23e7f992a5c80
u02-s012-lecture-r1,lecture,workedExamples[2].prompt,16,18,65f119d158c3ef3ba4c9e48fc7193569a09ad978f7a644e66874765265fc3a81
u02-s012-lecture-r1,lecture,workedExamples[2].solutionSteps[0],7,13,70c36f2ef073f4b169d0b3e0645f45c8f3dd5e505e511b5e55b7211c69c0b26e
u02-s012-lecture-r1,lecture,workedExamples[2].solutionSteps[1],12,15,9fc661a68d78fefc615bb5569e2da091e9397ee1eb4090409ad0348a48678b52
u02-s012-lecture-r1,lecture,workedExamples[2].answer,4,6,d09e873cccc02e099821a8d2bec3bbe6c5794d09dbce9d2fb5233adad80d265c
u02-s012-lecture-r1,lecture,workedExamples[3].exampleId,2,2,4a5a97c6433c4c062457e9335709d57493e75527809d8a9586c141e591ac9f2c
u02-s012-lecture-r1,lecture,workedExamples[3].prompt,14,16,acb04d5a7623c73d2ae93e8772db03dd350655525fa1b7bf84e5ae386f9ddf2d
u02-s012-lecture-r1,lecture,workedExamples[3].solutionSteps[0],7,13,8ba7ba3e11c4b1ee2ffbf9ba8387782a3d146f2cadae6772305c1ee357d1edb1
u02-s012-lecture-r1,lecture,workedExamples[3].solutionSteps[1],8,24,0be12b75128d5f7c1fa64dd2433886582e9ad7032aaa6f7a872d4bdc6f0ce969
u02-s012-lecture-r1,lecture,workedExamples[3].answer,2,4,1f615c52bcb523bdc3d2c32a8b46e5ea6b7b8ac64da921bc4d130d03498e6668
u02-s012-lecture-r1,lecture,commonMistakes[0].mistake,9,27,ac70b8de46c1564c6be48b96c01821e9f6ae63e83a680ffa4b666e6ca9005fce
u02-s012-lecture-r1,lecture,commonMistakes[0].why,6,18,ba2af94161f4e16439375bf0da69a8562f053a04d80752c90213a044bb6331c9
u02-s012-lecture-r1,lecture,commonMistakes[0].correction,9,26,b9b9799ac232c65ab811eef3954f5a60ddd59d85c2dbe01b605f2fac44bb77dc
u02-s012-lecture-r1,lecture,commonMistakes[1].mistake,13,39,e910c6e1482fed18cca7b0d3f7f8ae59987004c7c688dc9c53da474ef4f9f9b6
u02-s012-lecture-r1,lecture,commonMistakes[1].why,9,27,d99809b2365775dd21b64069306624e3c6f0219d131281f23b00d3b7a031b154
u02-s012-lecture-r1,lecture,commonMistakes[1].correction,8,24,3e700046d6f705aa73c5a1c6c5ad40a4479867d530abb815a946a4a20016dd8b
u02-s012-lecture-r1,lecture,commonMistakes[2].mistake,12,36,0025a43358d5b6b61d8475449732754edfc3d66d0b0e27b2e4d9d4695568b313
u02-s012-lecture-r1,lecture,commonMistakes[2].why,8,24,33588bf277008669b18c527255f8190772702a89cd6a275beeb50198a06b2b20
u02-s012-lecture-r1,lecture,commonMistakes[2].correction,7,21,fa72546a4ab1f1f7045241e5f083b1a584f82c8b10ac7478de1474db0571575e
u02-s012-lecture-r1,lecture,commonMistakes[3].mistake,10,28,00215555cbe2743bec1781bd39c55a1181d64c11c6d7da6fbd9a625c9e8100d0
u02-s012-lecture-r1,lecture,commonMistakes[3].why,6,16,beadb62667a09707c4b7eff8143ccf8227ce1db45df5567b6a1b79d53915e3db
u02-s012-lecture-r1,lecture,commonMistakes[3].correction,8,24,568bd7b08f76d778a67426992da494d2dc29eb06047f129737a920f8c1c99015
u02-s012-lecture-r1,lecture,commonMistakes[4].mistake,12,36,c66c8ed8a6e194ba9e7cb9ca1dd75099d9746de3dc6ec57c7738ace90573e34b
u02-s012-lecture-r1,lecture,commonMistakes[4].why,7,21,85ba7e4045628d278a4e534bb66f165fc39624123da7650e7446e8ffef905fa5
u02-s012-lecture-r1,lecture,commonMistakes[4].correction,11,33,cb1c596a10127e89d4c3cf6dad4ec6a63484cc0729fffffbea42338f6f6f9dbd
u02-s012-lecture-r1,lecture,commonMistakes[5].mistake,10,30,9a57444f310f4ce93fdd55620ee9850274261115efab18a8efa66f36789039b1
u02-s012-lecture-r1,lecture,commonMistakes[5].why,7,21,e1c25f85de31f47a2b7da5c30f6de54b5eb733bcc580840dbd66ae3284ed3053
u02-s012-lecture-r1,lecture,commonMistakes[5].correction,8,24,c360fe6c52029603e17ecd44fc2c467b49ebffe3b10946df6f876b3723b42795
u02-s012-lecture-r1,lecture,selfCheck[0],9,27,93abbc914dff599d8567998bafd4f63a91fb57875da134c718006c01dcb5db5e
u02-s012-lecture-r1,lecture,selfCheck[1],12,36,33d3d5d30beb79eb411e776b9d5c6c15b5e4d2e542238f5672bcd6b1aaf509d8
u02-s012-lecture-r1,lecture,selfCheck[2],8,22,767f2a83b9454db52982674711be35ec5f3ebe68f7c2e3227f0cc8b7945a54f3
u02-s012-lecture-r1,lecture,selfCheck[3],7,21,99daceba60aeeabbc75c092be2b74a28aacaf688218c8c6515d8cd5bf96282df
u02-s012-lecture-r1,lecture,selfCheck[4],13,39,92979b408cd417bda66d1348913b763d4d359f1a33c86afa7c8574fcc8e0f986
u02-s012-lecture-r1,lecture,summary[0],10,30,4ebb73f23b1742d9423accb3934105ba480bc4b1eb32b35666a97aac8b71d410
u02-s012-lecture-r1,lecture,summary[1],8,24,6de49f90f42d3d6f545835dfbde41bce7e6936b51af7debab2fd0287bfd20560
u02-s012-lecture-r1,lecture,summary[2],14,42,9d41487c8d0319db30895db99615454ab664657364094c8fdfd73f1b68290827
u02-s012-lecture-r1,lecture,summary[3],8,22,92d6f6f129e0e3bceaf56d7563cb2789aac4d5a65057e8b46e44e1f380d7bce1
u02-s012-lecture-r1,lecture,connections.previous,41,79,96e5f61ae825abb98a049555ae09e1123f21b3f21fed92370797231a49ad3b1f
u02-s012-lecture-r1,lecture,connections.next[0],16,48,836cfe200c0e9a296a62f1de232b46740af9c3037c4e6fe0cda73bc2714f5832
u02-s012-lecture-r1,lecture,connections.next[1],17,51,ea55b5924c046aa337983d55595dbf6f3cb966aa252917bab56deb20e0c33c17
u02-s012-lecture-r1,lecture,practiceLinks.mcQuestionIds[0],13,13,019ffd9e28234aad95aab6b6b69822b467e5e7a4609e2f2cd77fa924459c1030
u02-s012-lecture-r1,lecture,practiceLinks.mcQuestionIds[1],13,13,4a1b4f4e0c0641968711ed1abaa957182b9cb198cf94e9e4fb499fde6b9d0478
u02-s012-lecture-r1,lecture,practiceLinks.mcQuestionIds[2],13,13,b26141395a4c7043f24308967ac0ecd141af44af01f6c53db445714902b91cd8
u02-s012-lecture-r1,lecture,practiceLinks.mcQuestionIds[3],13,13,b58be1223a33b91fcb8802fda84df6f6e48fef164f71b1cf68052253900601fb
u02-s012-lecture-r1,lecture,practiceLinks.mcQuestionIds[4],13,13,7c10e81a54b9b055bfc5e15c6474d1474d61f64c708ef4d99ecbbc5aef806e9e
u02-s012-lecture-r1,lecture,practiceLinks.mcQuestionIds[5],13,13,b7182a9aa96b5855e45b1be63adc37e875ac03f0db841c921ccf767308aac953
u02-s012-lecture-r1,lecture,practiceLinks.mcQuestionIds[6],13,13,f16860909030f833280590e5532ac7071623ca12b8e7eac8c8faa864d780ad6d
u02-s012-lecture-r1,lecture,practiceLinks.mcQuestionIds[7],13,13,e94d135f1839e694f355995bfa7c54f9c623d8bae040d3eb40865ef40561765d
u02-s012-lecture-r1,lecture,practiceLinks.mcQuestionIds[8],13,13,375d5204e5cda1cc0a19aab362347e0df5ae1255cf4302d9dd2249427369b897
u02-s012-lecture-r1,lecture,practiceLinks.mcQuestionIds[9],13,13,c13428f760c961a8175a890f6fb364ec5c277521dd120affef4931edc1e01ed0
u02-s012-lecture-r1,lecture,practiceLinks.mcQuestionIds[10],13,13,ca8d9fec3f027a7287c2948f80ca557272eebc500ca8f6b6cd2b10f34473ef85
u02-s012-lecture-r1,lecture,practiceLinks.mcQuestionIds[11],13,13,8b8893229a9e0e1211b553d03726d7755f248d33452da5393bd6d59dae061fc3
u02-s012-lecture-r1,lecture,practiceLinks.constructedResponseIds[0],14,14,1d748610094cf31d9ee2c2218b71e100c451f8244f195db647c37fd2d78aa2c4
u02-s012-lecture-r1,lecture,practiceLinks.constructedResponseIds[1],14,14,7be97b4a92362c0182d3fc017fe7f3803ef9f911e9d2e93207a2bfb1b173975f
u02-s012-lecture-r1,lecture,lectureReview.mathematicalCorrectness,4,4,d74ff0ee8da3b9806b18c877dbf29bbde50b5bd8e4dad7a3a725000feb82e8f1
u02-s012-lecture-r1,lecture,lectureReview.zeroFoundationReadability,4,4,d74ff0ee8da3b9806b18c877dbf29bbde50b5bd8e4dad7a3a725000feb82e8f1
u02-s012-lecture-r1,lecture,lectureReview.scopeCheck,21,21,fdf8268f0373301b2fcc6331f1d8999b8aabea69681e8bc972ab9a21216a7606
u02-s012-lecture-r1,lecture,lectureReview.reviewNote,47,139,4373bbf1006c69dbbe84b525d736624d9cd6e1dc0049839cc171034b4362bc71
u02-s012-lecture-r1,lecture,lectureReview.reviewVersion,25,25,d778dfb0b9da1de52a9e6d141e13b5f20b33f0779b3da3dad22096cd927b9411
u02-s012-lecture-r1,lecture,lectureReview.reviewedAt,10,10,14158d45727526145ef514139eeb669eb54d613dbcffe524f099dbb71c9d8b08
u02-s012-lecture-r1,lecture,contentSha256,64,64,ed67b4ad7648fad51f59175898849869bcc9d9b80630d546f1644511fd6a6d02
u02-s012-lecture-r1,lecture,contentAuthority,25,25,ed40f75ffe3d6ad4e71f6e7919d063410490de360edb425965eccd605ca9d79e
u02-s012-v001,question,questionId,13,13,019ffd9e28234aad95aab6b6b69822b467e5e7a4609e2f2cd77fa924459c1030
u02-s012-v001,question,unitId,3,3,95b6504a8bd60df3a9a19ef2c504ac03429b325e9b81f0d701d07bdf6def6afb
u02-s012-v001,question,topicId,16,16,66e703817676a7ab7aa5a3dd6de79c75ae4590ebd2b1cf827c0f3445df800ee6
u02-s012-v001,question,skillId,31,31,fb5a8839ea0502fb3bba0d84228e947652ca7b95fc68afd5710256ddd2bf76c0
u02-s012-v001,question,difficulty,5,5,fbb7b5bf4ca348eeeebf8cc3660712859a5a1fbf18e83217a57ce203fb51d5c2
u02-s012-v001,question,type,2,2,6bc0f9c4ecb0acbebf1b9f6c816bdd66f4885f67c917d9e141cf893014fba936
u02-s012-v001,question,visualMode,9,9,9c7d54b0bf7a9369d8594201c7b11955514343809d09fbec33966c1fd9794015
u02-s012-v001,question,sourceScope,19,19,a4b669ddb8ef1883391c07a7b633f12eeaeecee7ec37c09eea4931aff6644346
u02-s012-v001,question,text,17,27,c26b71010ab244be3a722b27d2b5e29c1d9432782e11d1baa1e6d475b60b3fde
u02-s012-v001,question,choices[0],3,3,484aa6ccd17c9fe96eb955b9b56ed0c883b275301479deec1b817afe2abdaf72
u02-s012-v001,question,choices[1],3,3,896af01783cc4ba66a114b2b1cc0284bad63a52fca0571dafbbed491c95972c5
u02-s012-v001,question,choices[2],3,3,6d27ca189b30af4f85eab024881ab00a37ef4bab14248c18349e900f40510397
u02-s012-v001,question,choices[3],3,3,eca69b1009f54ac3d3f5daa960eaf9935b97336b6530bb01d652cf9a736dadbb
u02-s012-v001,question,explanation,48,86,fd17d1be5cdc7ef9cd36be37cc943af632ee080367c4cbf5332d07cc546cc9b8
u02-s012-v001,question,steps[0],23,25,b64754ed00989c9056fe5c3d63fe8164552a987a84e7fbae78ad42a37e871496
u02-s012-v001,question,steps[1],4,4,94bf81ebeaa828588555f6209e3e78fbde246c5e2131d1a475fca9c19fc0f681
u02-s012-v001,question,optionAnalysis[0].choice,3,3,484aa6ccd17c9fe96eb955b9b56ed0c883b275301479deec1b817afe2abdaf72
u02-s012-v001,question,optionAnalysis[0].reason,8,18,82a9275332d4c95039010172e5bd1cd5a3552162271338df26d0b244adba8749
u02-s012-v001,question,optionAnalysis[1].choice,3,3,896af01783cc4ba66a114b2b1cc0284bad63a52fca0571dafbbed491c95972c5
u02-s012-v001,question,optionAnalysis[1].reason,7,21,a7cefed80e7c98ffaccad25790732f0cece70a2583111259d27befbc46041d5e
u02-s012-v001,question,optionAnalysis[2].choice,3,3,6d27ca189b30af4f85eab024881ab00a37ef4bab14248c18349e900f40510397
u02-s012-v001,question,optionAnalysis[2].reason,7,21,2f7ea01e820b10aa7a22c24009b1302e7d9a9c8db9e586a92b5f69cdb38706f3
u02-s012-v001,question,optionAnalysis[3].choice,3,3,eca69b1009f54ac3d3f5daa960eaf9935b97336b6530bb01d652cf9a736dadbb
u02-s012-v001,question,optionAnalysis[3].reason,8,24,5fb02eb3785eadf6802dcdb81a8bc8e865595837069504995cf4cbcf1bf042f2
u02-s012-v001,question,commonMistake,10,30,d656e0b72d0240dc2df15aa2926f0ca52f971c0315aa0914f50604b3e711578d
u02-s012-v001,question,concept,13,39,a497cb439911f44050915fac04498bac8a3d35d95fd6cbc9576a439feb73b1bd
u02-s012-v001,question,tags[0],3,9,fd41540cbdbecb9b5fa7116d27c68e378548ab62ab7c7ca4494730a81ea87667
u02-s012-v001,question,tags[1],7,21,8ca813d66d311e6d54932e4be02f5f194cda3049eef0102c60063b9e1791cab8
u02-s012-v001,question,tags[2],5,5,fbb7b5bf4ca348eeeebf8cc3660712859a5a1fbf18e83217a57ce203fb51d5c2
u02-s012-v001,question,estimatedTimeSec,2,2,39fa9ec190eee7b6f4dff1100d6343e10918d044c75eac8f9e9a2596173f80c9
u02-s012-v001,question,prerequisiteSkillIds[0],21,21,b97edefce07bf8907bdb22975ca63120b07231b12a448d21443236b4df7862f1
u02-s012-v001,question,authoringIntent,8,24,eb3a81ce25ffd1377844d25149ff30959ac2a016439b3bac657d5849edf97ecb
u02-s012-v001,question,reviewStatus,22,22,ec809598e2f7fcc69fad54c9cd045bba62b4a0dc7c0ff90d4efdc3788c9ad8fb
u02-s012-v001,question,contentSha256,64,64,62910750a05dccbef168729fff9f08ad08122fc26bfe269779b36a717607f46e
u02-s012-v001,question,contentAuthority,25,25,ed40f75ffe3d6ad4e71f6e7919d063410490de360edb425965eccd605ca9d79e
u02-s012-v002,question,questionId,13,13,4a1b4f4e0c0641968711ed1abaa957182b9cb198cf94e9e4fb499fde6b9d0478
u02-s012-v002,question,unitId,3,3,95b6504a8bd60df3a9a19ef2c504ac03429b325e9b81f0d701d07bdf6def6afb
u02-s012-v002,question,topicId,16,16,66e703817676a7ab7aa5a3dd6de79c75ae4590ebd2b1cf827c0f3445df800ee6
u02-s012-v002,question,skillId,31,31,fb5a8839ea0502fb3bba0d84228e947652ca7b95fc68afd5710256ddd2bf76c0
u02-s012-v002,question,difficulty,5,5,fbb7b5bf4ca348eeeebf8cc3660712859a5a1fbf18e83217a57ce203fb51d5c2
u02-s012-v002,question,type,2,2,6bc0f9c4ecb0acbebf1b9f6c816bdd66f4885f67c917d9e141cf893014fba936
u02-s012-v002,question,visualMode,9,9,9c7d54b0bf7a9369d8594201c7b11955514343809d09fbec33966c1fd9794015
u02-s012-v002,question,sourceScope,19,19,a4b669ddb8ef1883391c07a7b633f12eeaeecee7ec37c09eea4931aff6644346
u02-s012-v002,question,text,18,28,eaf5256124d58f32105e1222bf63e74ea49cc73de49308810439c554b5ed35d8
u02-s012-v002,question,choices[0],5,5,4b590cc5d99ed199e91c00fdd8254bdbc6f6e52686eebb59d9853e2dbafda557
u02-s012-v002,question,choices[1],3,3,5132a20379415fe98f3a0700afc2a901e9b01af839b5454a8659152f0782c223
u02-s012-v002,question,choices[2],3,3,88a09c48f589386b2d18d8be987cffe6a938c9e22314f3542082f7f6243efdb5
u02-s012-v002,question,choices[3],5,5,43053e5eb7a4278cab0a07dca09bae650330e3d6eb8e0eef6b42a8d7a7785698
u02-s012-v002,question,explanation,48,86,e46e1cd6f9a92699122979c9b8aae6b45bfa5cc4361475a05daf1f3b49589520
u02-s012-v002,question,steps[0],17,19,016351d20bd4f4a87174d573dbcd0e9fc676302c4a89b7c27c767b3df2ca473d
u02-s012-v002,question,steps[1],10,10,eee1db5cfc0398528a134af626046089300ab3f82172eef1f8fbd5f91dd7e037
u02-s012-v002,question,optionAnalysis[0].choice,5,5,4b590cc5d99ed199e91c00fdd8254bdbc6f6e52686eebb59d9853e2dbafda557
u02-s012-v002,question,optionAnalysis[0].reason,5,15,a0f08f49cff06e16d2f837e610416a3499ba5bcf269668429ec856fc453573d0
u02-s012-v002,question,optionAnalysis[1].choice,3,3,5132a20379415fe98f3a0700afc2a901e9b01af839b5454a8659152f0782c223
u02-s012-v002,question,optionAnalysis[1].reason,6,12,2f6726a36d49f279b7e4b072d83de48d197e6f06b8848bf03bf7f21b12598f50
u02-s012-v002,question,optionAnalysis[2].choice,3,3,88a09c48f589386b2d18d8be987cffe6a938c9e22314f3542082f7f6243efdb5
u02-s012-v002,question,optionAnalysis[2].reason,6,18,c0f11c5901a0ab947b0d795b3566d67a716cbcb2f846b300e711ff313f43e470
u02-s012-v002,question,optionAnalysis[3].choice,5,5,43053e5eb7a4278cab0a07dca09bae650330e3d6eb8e0eef6b42a8d7a7785698
u02-s012-v002,question,optionAnalysis[3].reason,11,33,aad47c6ad32d54f17c123d6d159295aa97020a94a1a5994ce8968c0f9bdfe8ad
u02-s012-v002,question,commonMistake,10,30,59957e87fa8560cf6c0a84a07e3ec2c808a0c6a994842a069d27e2696c5ed6b0
u02-s012-v002,question,concept,10,30,ee1870df795858a76f9bd63726d65f3688af8b47cca3d2885aa97198e97873b9
u02-s012-v002,question,tags[0],3,9,fd41540cbdbecb9b5fa7116d27c68e378548ab62ab7c7ca4494730a81ea87667
u02-s012-v002,question,tags[1],7,21,8ca813d66d311e6d54932e4be02f5f194cda3049eef0102c60063b9e1791cab8
u02-s012-v002,question,tags[2],5,5,fbb7b5bf4ca348eeeebf8cc3660712859a5a1fbf18e83217a57ce203fb51d5c2
u02-s012-v002,question,estimatedTimeSec,2,2,39fa9ec190eee7b6f4dff1100d6343e10918d044c75eac8f9e9a2596173f80c9
u02-s012-v002,question,prerequisiteSkillIds[0],21,21,b97edefce07bf8907bdb22975ca63120b07231b12a448d21443236b4df7862f1
u02-s012-v002,question,authoringIntent,11,33,2db4b69b02a4543648c5fb974816141709370c48df0c0b947b632fdb95128154
u02-s012-v002,question,reviewStatus,22,22,ec809598e2f7fcc69fad54c9cd045bba62b4a0dc7c0ff90d4efdc3788c9ad8fb
u02-s012-v002,question,contentSha256,64,64,6465c6ab886b03fdd67070415047ce0e070f86022daa6f1ac517758b5fde1020
u02-s012-v002,question,contentAuthority,25,25,ed40f75ffe3d6ad4e71f6e7919d063410490de360edb425965eccd605ca9d79e
u02-s012-v003,question,questionId,13,13,b26141395a4c7043f24308967ac0ecd141af44af01f6c53db445714902b91cd8
u02-s012-v003,question,unitId,3,3,95b6504a8bd60df3a9a19ef2c504ac03429b325e9b81f0d701d07bdf6def6afb
u02-s012-v003,question,topicId,16,16,66e703817676a7ab7aa5a3dd6de79c75ae4590ebd2b1cf827c0f3445df800ee6
u02-s012-v003,question,skillId,31,31,fb5a8839ea0502fb3bba0d84228e947652ca7b95fc68afd5710256ddd2bf76c0
u02-s012-v003,question,difficulty,5,5,fbb7b5bf4ca348eeeebf8cc3660712859a5a1fbf18e83217a57ce203fb51d5c2
u02-s012-v003,question,type,2,2,6bc0f9c4ecb0acbebf1b9f6c816bdd66f4885f67c917d9e141cf893014fba936
u02-s012-v003,question,visualMode,9,9,9c7d54b0bf7a9369d8594201c7b11955514343809d09fbec33966c1fd9794015
u02-s012-v003,question,sourceScope,19,19,a4b669ddb8ef1883391c07a7b633f12eeaeecee7ec37c09eea4931aff6644346
u02-s012-v003,question,text,13,23,3a06772517799d4076ec911fd34cfbb0d5b1f17bbe5c9dc4fe627c9f8ebc50bc
u02-s012-v003,question,choices[0],3,3,3fb6418f5c1704b1d076c8fa6ccb8294df7ecdb091a0429ab77a934cb301a628
u02-s012-v003,question,choices[1],3,3,e86574df7434a3b185fb0ee23d093e6815e565798898627fd4842d3fd36d0b26
u02-s012-v003,question,choices[2],4,4,088ae5cc7815cf98be130c0421b8ba0cb92125b5a50045e0aff058e5e04bfe94
u02-s012-v003,question,choices[3],3,3,0b9db2ecfb8de65fb248232d099982a827055c98d6372e9b4e1fa81d98dc1cc2
u02-s012-v003,question,explanation,49,93,f8fee3df8b8b14b9b275f8e69eff434dbd9d0198818ae1a97887773cc007ef70
u02-s012-v003,question,steps[0],7,13,e802895cf60a1376b970eaf3f393441ccc4349405170c67b2fe5cc9d0502d741
u02-s012-v003,question,steps[1],20,22,a019fb9c2a484cbc40eeb1630fe91a90a883e767af1d225b0acc47e5d32b806e
u02-s012-v003,question,optionAnalysis[0].choice,3,3,3fb6418f5c1704b1d076c8fa6ccb8294df7ecdb091a0429ab77a934cb301a628
u02-s012-v003,question,optionAnalysis[0].reason,7,17,62f8842487f4cf85233ff63a4b67971dc5ae5c1f1093e79398a731fd32dbb5e7
u02-s012-v003,question,optionAnalysis[1].choice,3,3,e86574df7434a3b185fb0ee23d093e6815e565798898627fd4842d3fd36d0b26
u02-s012-v003,question,optionAnalysis[1].reason,6,18,a2f4bcbb99827a97029ab37b770065c7b7a52e7a7221ea1dd6566250d2e2c19f
u02-s012-v003,question,optionAnalysis[2].choice,4,4,088ae5cc7815cf98be130c0421b8ba0cb92125b5a50045e0aff058e5e04bfe94
u02-s012-v003,question,optionAnalysis[2].reason,7,13,343d410331275e7cdaf1f6306d0437a422066108f60868454aa2daf0cb12dfcb
u02-s012-v003,question,optionAnalysis[3].choice,3,3,0b9db2ecfb8de65fb248232d099982a827055c98d6372e9b4e1fa81d98dc1cc2
u02-s012-v003,question,optionAnalysis[3].reason,8,24,4567db3538964cfe5cead268e6322b162404d1f239071f4a2f93d97eabcef207
u02-s012-v003,question,commonMistake,16,48,604b6b5a555d130b8869fb5cd19845419bdbb1406a935d4d486273b13c5df19c
u02-s012-v003,question,concept,11,33,617cd2453a48f391503dc84b59f4e9b84fbed672bf822fda65ca43a07f7268b9
u02-s012-v003,question,tags[0],3,9,fd41540cbdbecb9b5fa7116d27c68e378548ab62ab7c7ca4494730a81ea87667
u02-s012-v003,question,tags[1],7,21,8ca813d66d311e6d54932e4be02f5f194cda3049eef0102c60063b9e1791cab8
u02-s012-v003,question,tags[2],5,5,fbb7b5bf4ca348eeeebf8cc3660712859a5a1fbf18e83217a57ce203fb51d5c2
u02-s012-v003,question,estimatedTimeSec,2,2,39fa9ec190eee7b6f4dff1100d6343e10918d044c75eac8f9e9a2596173f80c9
u02-s012-v003,question,prerequisiteSkillIds[0],21,21,b97edefce07bf8907bdb22975ca63120b07231b12a448d21443236b4df7862f1
u02-s012-v003,question,authoringIntent,10,30,0149f9be4156e2cdb9e114f8f34bc42fa46db5f039bfce4096200b349b0bc2de
u02-s012-v003,question,reviewStatus,22,22,ec809598e2f7fcc69fad54c9cd045bba62b4a0dc7c0ff90d4efdc3788c9ad8fb
u02-s012-v003,question,contentSha256,64,64,045cd7b0ed4e333e733c7912a723e3583dca089e574454ede1ea5cb2d063a127
u02-s012-v003,question,contentAuthority,25,25,ed40f75ffe3d6ad4e71f6e7919d063410490de360edb425965eccd605ca9d79e
u02-s012-v004,question,questionId,13,13,b58be1223a33b91fcb8802fda84df6f6e48fef164f71b1cf68052253900601fb
u02-s012-v004,question,unitId,3,3,95b6504a8bd60df3a9a19ef2c504ac03429b325e9b81f0d701d07bdf6def6afb
u02-s012-v004,question,topicId,16,16,66e703817676a7ab7aa5a3dd6de79c75ae4590ebd2b1cf827c0f3445df800ee6
u02-s012-v004,question,skillId,31,31,fb5a8839ea0502fb3bba0d84228e947652ca7b95fc68afd5710256ddd2bf76c0
u02-s012-v004,question,difficulty,8,8,fe6d3468cf5c74d8ec2a95b40f2e05338c37a4202f8fad692d2b64a9cf9b468a
u02-s012-v004,question,type,2,2,6bc0f9c4ecb0acbebf1b9f6c816bdd66f4885f67c917d9e141cf893014fba936
u02-s012-v004,question,visualMode,9,9,9c7d54b0bf7a9369d8594201c7b11955514343809d09fbec33966c1fd9794015
u02-s012-v004,question,sourceScope,19,19,a4b669ddb8ef1883391c07a7b633f12eeaeecee7ec37c09eea4931aff6644346
u02-s012-v004,question,text,13,23,95447b447dbdd96554660e256c727c3f864acead2646e9cbba8efe0fd6c57bc0
u02-s012-v004,question,choices[0],3,3,e8692ca200b54ddada768e71960a0511416137a374776dcfd1aa8305d0a96fa3
u02-s012-v004,question,choices[1],4,4,ec7aeb85af88a4eb0bcb0ea277b503c0481ad31565753ae7049dfe10ce3a9542
u02-s012-v004,question,choices[2],4,4,844f5767a56764778291ffe2dce3664e3c626df6f566633818c065f01b7d0067
u02-s012-v004,question,choices[3],4,4,a97e26cbadb12427859091fbf484af356319d1ece9fde15251ae05890c2fe5bd
u02-s012-v004,question,explanation,43,81,15fb3ba5d4e8cdbd23468daa716efff3e67711f932709cdebf166c452d531e1e
u02-s012-v004,question,steps[0],5,5,62fc43c4ffe7279b2a5cac2d33a45b4b1e5601dd2fe803d50d11975fac770d83
u02-s012-v004,question,steps[1],16,18,cb89ae289985a12bb9d9a476902ff41fd8d88a38d11d5ad65418f62fc51930a8
u02-s012-v004,question,optionAnalysis[0].choice,3,3,e8692ca200b54ddada768e71960a0511416137a374776dcfd1aa8305d0a96fa3
u02-s012-v004,question,optionAnalysis[0].reason,5,15,fcccf38a41dd84b9b507f6ee524a1284240e71aabf4cd435bab3d86d58e36547
u02-s012-v004,question,optionAnalysis[1].choice,4,4,ec7aeb85af88a4eb0bcb0ea277b503c0481ad31565753ae7049dfe10ce3a9542
u02-s012-v004,question,optionAnalysis[1].reason,7,21,288377aec06d7b3cc48d176ed9fb209f2ac4adc4e256640a26d5c87d05769db8
u02-s012-v004,question,optionAnalysis[2].choice,4,4,844f5767a56764778291ffe2dce3664e3c626df6f566633818c065f01b7d0067
u02-s012-v004,question,optionAnalysis[2].reason,5,15,cfaa0db9c90c41c913f15c2b582b479fac62a5d9b75d98d0b5b98c6ccc95ce3e
u02-s012-v004,question,optionAnalysis[3].choice,4,4,a97e26cbadb12427859091fbf484af356319d1ece9fde15251ae05890c2fe5bd
u02-s012-v004,question,optionAnalysis[3].reason,7,13,4ee7bacc872fad759ac2bd7cfa016bf737c79d99cb345f1215182e776f48f8f0
u02-s012-v004,question,commonMistake,12,34,aae9795202bc4e8350e1419e8e4be2de8bd2c09df961b9f6396fa3be73a441c0
u02-s012-v004,question,concept,13,39,456a298afec24f564120a4dbe7382bf0aa95a09f3151c325bea437977403c5b1
u02-s012-v004,question,tags[0],3,9,fd41540cbdbecb9b5fa7116d27c68e378548ab62ab7c7ca4494730a81ea87667
u02-s012-v004,question,tags[1],7,21,8ca813d66d311e6d54932e4be02f5f194cda3049eef0102c60063b9e1791cab8
u02-s012-v004,question,tags[2],8,8,fe6d3468cf5c74d8ec2a95b40f2e05338c37a4202f8fad692d2b64a9cf9b468a
u02-s012-v004,question,estimatedTimeSec,2,2,39fa9ec190eee7b6f4dff1100d6343e10918d044c75eac8f9e9a2596173f80c9
u02-s012-v004,question,prerequisiteSkillIds[0],21,21,b97edefce07bf8907bdb22975ca63120b07231b12a448d21443236b4df7862f1
u02-s012-v004,question,authoringIntent,10,30,433df8f778052e4dd9e5cc47bbb697192791564a700c7d7b6c67f10318641c85
u02-s012-v004,question,reviewStatus,22,22,ec809598e2f7fcc69fad54c9cd045bba62b4a0dc7c0ff90d4efdc3788c9ad8fb
u02-s012-v004,question,contentSha256,64,64,3af48d675130f5c37e182b4eda7eaf85e266a947f8f1721f7a3223b660a0519c
u02-s012-v004,question,contentAuthority,25,25,ed40f75ffe3d6ad4e71f6e7919d063410490de360edb425965eccd605ca9d79e
u02-s012-v005,question,questionId,13,13,7c10e81a54b9b055bfc5e15c6474d1474d61f64c708ef4d99ecbbc5aef806e9e
u02-s012-v005,question,unitId,3,3,95b6504a8bd60df3a9a19ef2c504ac03429b325e9b81f0d701d07bdf6def6afb
u02-s012-v005,question,topicId,16,16,66e703817676a7ab7aa5a3dd6de79c75ae4590ebd2b1cf827c0f3445df800ee6
u02-s012-v005,question,skillId,31,31,fb5a8839ea0502fb3bba0d84228e947652ca7b95fc68afd5710256ddd2bf76c0
u02-s012-v005,question,difficulty,8,8,fe6d3468cf5c74d8ec2a95b40f2e05338c37a4202f8fad692d2b64a9cf9b468a
u02-s012-v005,question,type,2,2,6bc0f9c4ecb0acbebf1b9f6c816bdd66f4885f67c917d9e141cf893014fba936
u02-s012-v005,question,visualMode,9,9,9c7d54b0bf7a9369d8594201c7b11955514343809d09fbec33966c1fd9794015
u02-s012-v005,question,sourceScope,19,19,a4b669ddb8ef1883391c07a7b633f12eeaeecee7ec37c09eea4931aff6644346
u02-s012-v005,question,text,21,31,aa32b6606f427d1dbcb5649b539d0c1459978a997e8b833e78dc673529b85e05
u02-s012-v005,question,choices[0],3,3,484aa6ccd17c9fe96eb955b9b56ed0c883b275301479deec1b817afe2abdaf72
u02-s012-v005,question,choices[1],3,3,6527243b137e313aee168954360944e5a3bdd5e700e74a5b1ac6a44bd24dd652
u02-s012-v005,question,choices[2],3,3,e8692ca200b54ddada768e71960a0511416137a374776dcfd1aa8305d0a96fa3
u02-s012-v005,question,choices[3],3,3,1265c5694e904ac7a10d0eebd43894950b49cfda19a3dbacdc4db7c0a49f6f12
u02-s012-v005,question,explanation,53,95,6b9f3555e996e1420482c575ca0135544e1a830e9052e3eaf35e712f5ad00eae
u02-s012-v005,question,steps[0],13,17,7e9bf62b4a07a9278e9cbf380d0a85255b2583812111f538bb660407f936c7df
u02-s012-v005,question,steps[1],19,21,8f58d878e3308c14c7534c99a24490626c72a259f61cac3bab9c0cd298766d85
u02-s012-v005,question,optionAnalysis[0].choice,3,3,484aa6ccd17c9fe96eb955b9b56ed0c883b275301479deec1b817afe2abdaf72
u02-s012-v005,question,optionAnalysis[0].reason,6,12,08e1cdebe2a34386b63beb22f2e523cedf373a60ad7de1b8510d05b3397b4411
u02-s012-v005,question,optionAnalysis[1].choice,3,3,6527243b137e313aee168954360944e5a3bdd5e700e74a5b1ac6a44bd24dd652
u02-s012-v005,question,optionAnalysis[1].reason,5,15,f1a241f50fd69e3dac1611cce3f5f6026c6ca39ecf681d7b64209e20fa0ffac1
u02-s012-v005,question,optionAnalysis[2].choice,3,3,e8692ca200b54ddada768e71960a0511416137a374776dcfd1aa8305d0a96fa3
u02-s012-v005,question,optionAnalysis[2].reason,7,21,6b91553275d49af05a6adfd51765db311d98e824df5d351d0c140bf8b4c02c56
u02-s012-v005,question,optionAnalysis[3].choice,3,3,1265c5694e904ac7a10d0eebd43894950b49cfda19a3dbacdc4db7c0a49f6f12
u02-s012-v005,question,optionAnalysis[3].reason,9,15,7ad6b5529def5f0ffbc7dbcecc2b74d5f39dc3360ded606baabbed75c9df64ec
u02-s012-v005,question,commonMistake,14,42,d2c821971d30cb07da1b135984f4fdd5028d6136be40e0859d93ed05d63b8f37
u02-s012-v005,question,concept,16,48,e04db1b84e836eb4645fba510c3378d45e6bf4b850540bcbddb33011593c00a2
u02-s012-v005,question,tags[0],3,9,fd41540cbdbecb9b5fa7116d27c68e378548ab62ab7c7ca4494730a81ea87667
u02-s012-v005,question,tags[1],7,21,8ca813d66d311e6d54932e4be02f5f194cda3049eef0102c60063b9e1791cab8
u02-s012-v005,question,tags[2],8,8,fe6d3468cf5c74d8ec2a95b40f2e05338c37a4202f8fad692d2b64a9cf9b468a
u02-s012-v005,question,estimatedTimeSec,2,2,39fa9ec190eee7b6f4dff1100d6343e10918d044c75eac8f9e9a2596173f80c9
u02-s012-v005,question,prerequisiteSkillIds[0],21,21,b97edefce07bf8907bdb22975ca63120b07231b12a448d21443236b4df7862f1
u02-s012-v005,question,authoringIntent,8,24,fca25199708dd229230b552d32d5ea8c72c57afa97edbe9409479eaa7a00ca2b
u02-s012-v005,question,reviewStatus,22,22,ec809598e2f7fcc69fad54c9cd045bba62b4a0dc7c0ff90d4efdc3788c9ad8fb
u02-s012-v005,question,contentSha256,64,64,7288f2415541e58d2d0aa1cdd0d8124bbd551f359a06aaeb8caa3705234691db
u02-s012-v005,question,contentAuthority,25,25,ed40f75ffe3d6ad4e71f6e7919d063410490de360edb425965eccd605ca9d79e
u02-s012-v006,question,questionId,13,13,b7182a9aa96b5855e45b1be63adc37e875ac03f0db841c921ccf767308aac953
u02-s012-v006,question,unitId,3,3,95b6504a8bd60df3a9a19ef2c504ac03429b325e9b81f0d701d07bdf6def6afb
u02-s012-v006,question,topicId,16,16,66e703817676a7ab7aa5a3dd6de79c75ae4590ebd2b1cf827c0f3445df800ee6
u02-s012-v006,question,skillId,31,31,fb5a8839ea0502fb3bba0d84228e947652ca7b95fc68afd5710256ddd2bf76c0
u02-s012-v006,question,difficulty,8,8,fe6d3468cf5c74d8ec2a95b40f2e05338c37a4202f8fad692d2b64a9cf9b468a
u02-s012-v006,question,type,2,2,6bc0f9c4ecb0acbebf1b9f6c816bdd66f4885f67c917d9e141cf893014fba936
u02-s012-v006,question,visualMode,9,9,9c7d54b0bf7a9369d8594201c7b11955514343809d09fbec33966c1fd9794015
u02-s012-v006,question,sourceScope,19,19,a4b669ddb8ef1883391c07a7b633f12eeaeecee7ec37c09eea4931aff6644346
u02-s012-v006,question,text,19,29,9c51121089bd238182fa0d29f2c1ec530c893ddfade2c193f782a944fbee7688
u02-s012-v006,question,choices[0],3,3,a524479da1a7b96f24eecaa8da1cf07eb7fb144cdca7625825bffb3bdefd0c37
u02-s012-v006,question,choices[1],3,3,23d7d6b21a48120eb366a43016d8e0e36d8ec0c9e5c7b88731c95914006c3e26
u02-s012-v006,question,choices[2],3,3,fc5755dd88ccc67dae22b275accd73534cff79d13189ef7c90da6db72f075178
u02-s012-v006,question,choices[3],1,1,6b86b273ff34fce19d6b804eff5a3f5747ada4eaa22f1d49c01e52ddb7875b4b
u02-s012-v006,question,explanation,43,84,b630a4901fbf75463172c8b61483c70d143564a4ff0fb81404b1435ecbb9aaf3
u02-s012-v006,question,steps[0],11,15,5d75147f4ffecc8bde55169cdf0d7f6895e61df0c35296afe18dc1560457225f
u02-s012-v006,question,steps[1],11,12,30b0c5ce38855732001f6a6f57f0e54410c7eac42fe514737ba74c327cf84860
u02-s012-v006,question,optionAnalysis[0].choice,3,3,a524479da1a7b96f24eecaa8da1cf07eb7fb144cdca7625825bffb3bdefd0c37
u02-s012-v006,question,optionAnalysis[0].reason,5,15,29a93e4f2b9c63dda7b570de52a29ebbf8c9c3b089f2a735a1ba88a57d854859
u02-s012-v006,question,optionAnalysis[1].choice,3,3,23d7d6b21a48120eb366a43016d8e0e36d8ec0c9e5c7b88731c95914006c3e26
u02-s012-v006,question,optionAnalysis[1].reason,6,12,40c21bd4b3e9355194729611af959247752401d7de86bad4b937de034ebbeee2
u02-s012-v006,question,optionAnalysis[2].choice,3,3,fc5755dd88ccc67dae22b275accd73534cff79d13189ef7c90da6db72f075178
u02-s012-v006,question,optionAnalysis[2].reason,5,15,cb46b4b7b00df6fd4235fafecc3fcffeb55e1e3516d7d60f8c4f1eca07255ebe
u02-s012-v006,question,optionAnalysis[3].choice,1,1,6b86b273ff34fce19d6b804eff5a3f5747ada4eaa22f1d49c01e52ddb7875b4b
u02-s012-v006,question,optionAnalysis[3].reason,12,34,600c4d5e0672d52132f6c4d937e4555335c3fbbca63cb6c504929fa2e6f58e06
u02-s012-v006,question,commonMistake,11,33,931cee4141865469790897e4c933e058c75e59f94abd8a190ea80c2052da098c
u02-s012-v006,question,concept,12,36,e4aaf45e20752a550af6719137612da596db3b56fb33404b02cc1f5486912125
u02-s012-v006,question,tags[0],3,9,fd41540cbdbecb9b5fa7116d27c68e378548ab62ab7c7ca4494730a81ea87667
u02-s012-v006,question,tags[1],7,21,8ca813d66d311e6d54932e4be02f5f194cda3049eef0102c60063b9e1791cab8
u02-s012-v006,question,tags[2],8,8,fe6d3468cf5c74d8ec2a95b40f2e05338c37a4202f8fad692d2b64a9cf9b468a
u02-s012-v006,question,estimatedTimeSec,2,2,39fa9ec190eee7b6f4dff1100d6343e10918d044c75eac8f9e9a2596173f80c9
u02-s012-v006,question,prerequisiteSkillIds[0],21,21,b97edefce07bf8907bdb22975ca63120b07231b12a448d21443236b4df7862f1
u02-s012-v006,question,authoringIntent,10,30,3e7252fbd8ed687035c5257c7f3c7e99be62ff192901cff8496941e04185bbcc
u02-s012-v006,question,reviewStatus,22,22,ec809598e2f7fcc69fad54c9cd045bba62b4a0dc7c0ff90d4efdc3788c9ad8fb
u02-s012-v006,question,contentSha256,64,64,87be810fbfb583fc0bfcacc10f0da5628510de6f00bc70ee235bee8cd30dfd93
u02-s012-v006,question,contentAuthority,25,25,ed40f75ffe3d6ad4e71f6e7919d063410490de360edb425965eccd605ca9d79e
u02-s012-v007,question,questionId,13,13,f16860909030f833280590e5532ac7071623ca12b8e7eac8c8faa864d780ad6d
u02-s012-v007,question,unitId,3,3,95b6504a8bd60df3a9a19ef2c504ac03429b325e9b81f0d701d07bdf6def6afb
u02-s012-v007,question,topicId,16,16,66e703817676a7ab7aa5a3dd6de79c75ae4590ebd2b1cf827c0f3445df800ee6
u02-s012-v007,question,skillId,31,31,fb5a8839ea0502fb3bba0d84228e947652ca7b95fc68afd5710256ddd2bf76c0
u02-s012-v007,question,difficulty,8,8,d21f85ea38166303ce58e06134b5cc4a5c900c409ab2a500ff7c9225109a09bb
u02-s012-v007,question,type,2,2,6bc0f9c4ecb0acbebf1b9f6c816bdd66f4885f67c917d9e141cf893014fba936
u02-s012-v007,question,visualMode,9,9,9c7d54b0bf7a9369d8594201c7b11955514343809d09fbec33966c1fd9794015
u02-s012-v007,question,sourceScope,19,19,a4b669ddb8ef1883391c07a7b633f12eeaeecee7ec37c09eea4931aff6644346
u02-s012-v007,question,text,25,36,7f0aec630aec7ad00a65acfb0b02158f206cf2698e17f05a179e380cdf70c708
u02-s012-v007,question,choices[0],3,3,0b9db2ecfb8de65fb248232d099982a827055c98d6372e9b4e1fa81d98dc1cc2
u02-s012-v007,question,choices[1],3,3,6523f09afbc5ba27530a3abe3ff0f5db40b2b859346f4425d64edd6d596c6eb5
u02-s012-v007,question,choices[2],3,3,1265c5694e904ac7a10d0eebd43894950b49cfda19a3dbacdc4db7c0a49f6f12
u02-s012-v007,question,choices[3],3,3,7af8536c5a4c2206aea984bc1eff8081ee843156d0f70e25818fda435efbc5c2
u02-s012-v007,question,explanation,53,96,9c8a5cae267c6b2c3e07eafe275dcbf9a65afa5617eef91adab742b019c15dce
u02-s012-v007,question,steps[0],13,18,1d9f80938d3521208816f4003af2dd742a7dbf2befcbd8bbfc110a56c126a860
u02-s012-v007,question,steps[1],19,21,20284ec255c084676dfce5ab566715c652fa621af908f32866f1b850089de820
u02-s012-v007,question,optionAnalysis[0].choice,3,3,0b9db2ecfb8de65fb248232d099982a827055c98d6372e9b4e1fa81d98dc1cc2
u02-s012-v007,question,optionAnalysis[0].reason,5,15,7488bc4a5e594a116f8775769cfd22c63c110e38802ad4a845bc102e59382711
u02-s012-v007,question,optionAnalysis[1].choice,3,3,6523f09afbc5ba27530a3abe3ff0f5db40b2b859346f4425d64edd6d596c6eb5
u02-s012-v007,question,optionAnalysis[1].reason,7,21,6b91553275d49af05a6adfd51765db311d98e824df5d351d0c140bf8b4c02c56
u02-s012-v007,question,optionAnalysis[2].choice,3,3,1265c5694e904ac7a10d0eebd43894950b49cfda19a3dbacdc4db7c0a49f6f12
u02-s012-v007,question,optionAnalysis[2].reason,6,12,78d91848852a6746810339d134c7bc1c30eaa98c71d07fe53b86ab9ee2bede03
u02-s012-v007,question,optionAnalysis[3].choice,3,3,7af8536c5a4c2206aea984bc1eff8081ee843156d0f70e25818fda435efbc5c2
u02-s012-v007,question,optionAnalysis[3].reason,6,18,a77974c052491dac0bc5d8944b35b6e7cc5d3f3a61a6dd37ec2bc315361cf1e0
u02-s012-v007,question,commonMistake,11,33,6581af2ff51873b511d9a32de97e3952bee3b892275df800dd1d38bdf8d8c69a
u02-s012-v007,question,concept,13,39,dfd57544dde574d92b1f23c67a811b11bbf766cdd401bbcd8956d09266dea608
u02-s012-v007,question,tags[0],3,9,fd41540cbdbecb9b5fa7116d27c68e378548ab62ab7c7ca4494730a81ea87667
u02-s012-v007,question,tags[1],7,21,8ca813d66d311e6d54932e4be02f5f194cda3049eef0102c60063b9e1791cab8
u02-s012-v007,question,tags[2],8,8,d21f85ea38166303ce58e06134b5cc4a5c900c409ab2a500ff7c9225109a09bb
u02-s012-v007,question,estimatedTimeSec,2,2,39fa9ec190eee7b6f4dff1100d6343e10918d044c75eac8f9e9a2596173f80c9
u02-s012-v007,question,prerequisiteSkillIds[0],21,21,b97edefce07bf8907bdb22975ca63120b07231b12a448d21443236b4df7862f1
u02-s012-v007,question,authoringIntent,6,18,287737a4718a5a7bddb0d17be70e33a4ef1f8aa8b8386d45138550610dd19e4a
u02-s012-v007,question,reviewStatus,22,22,ec809598e2f7fcc69fad54c9cd045bba62b4a0dc7c0ff90d4efdc3788c9ad8fb
u02-s012-v007,question,contentSha256,64,64,793d7deec29232af67c8de69607d956a5a463bb21ddf5c3f65f27ca70f6a9a9f
u02-s012-v007,question,contentAuthority,25,25,ed40f75ffe3d6ad4e71f6e7919d063410490de360edb425965eccd605ca9d79e
u02-s012-v008,question,questionId,13,13,e94d135f1839e694f355995bfa7c54f9c623d8bae040d3eb40865ef40561765d
u02-s012-v008,question,unitId,3,3,95b6504a8bd60df3a9a19ef2c504ac03429b325e9b81f0d701d07bdf6def6afb
u02-s012-v008,question,topicId,16,16,66e703817676a7ab7aa5a3dd6de79c75ae4590ebd2b1cf827c0f3445df800ee6
u02-s012-v008,question,skillId,31,31,fb5a8839ea0502fb3bba0d84228e947652ca7b95fc68afd5710256ddd2bf76c0
u02-s012-v008,question,difficulty,8,8,d21f85ea38166303ce58e06134b5cc4a5c900c409ab2a500ff7c9225109a09bb
u02-s012-v008,question,type,2,2,6bc0f9c4ecb0acbebf1b9f6c816bdd66f4885f67c917d9e141cf893014fba936
u02-s012-v008,question,visualMode,9,9,9c7d54b0bf7a9369d8594201c7b11955514343809d09fbec33966c1fd9794015
u02-s012-v008,question,sourceScope,19,19,a4b669ddb8ef1883391c07a7b633f12eeaeecee7ec37c09eea4931aff6644346
u02-s012-v008,question,text,25,35,8e0f3ce71f768f786efd23323353da3a859851c4053dbeaa847c6c66cce77a67
u02-s012-v008,question,choices[0],4,4,2d0ba250dbdb3e61c40f6500fcb6cd35f793a14e94bacab7197ab693092f3521
u02-s012-v008,question,choices[1],3,3,a5d116fd4fec2d71c792aef02582a757260da97281ccd1f6043bd0aab41cc932
u02-s012-v008,question,choices[2],3,3,88a09c48f589386b2d18d8be987cffe6a938c9e22314f3542082f7f6243efdb5
u02-s012-v008,question,choices[3],3,3,5132a20379415fe98f3a0700afc2a901e9b01af839b5454a8659152f0782c223
u02-s012-v008,question,explanation,47,94,1f913318b987ee5c85507d7217cb4d3720ccf29bd71c605b6b7ac8392a8330a4
u02-s012-v008,question,steps[0],7,11,97989bdda1eb0ea82641e5794b953372dc4adc9f0937293cf444467fe5f21ab9
u02-s012-v008,question,steps[1],19,26,ca9c4fd8f6969b6bdfd301ef91e5ce00cc60eddfd6aaeb4c4431a20d71d82acd
u02-s012-v008,question,optionAnalysis[0].choice,4,4,2d0ba250dbdb3e61c40f6500fcb6cd35f793a14e94bacab7197ab693092f3521
u02-s012-v008,question,optionAnalysis[0].reason,5,15,f1a241f50fd69e3dac1611cce3f5f6026c6ca39ecf681d7b64209e20fa0ffac1
u02-s012-v008,question,optionAnalysis[1].choice,3,3,a5d116fd4fec2d71c792aef02582a757260da97281ccd1f6043bd0aab41cc932
u02-s012-v008,question,optionAnalysis[1].reason,5,15,d94f2b792bbe95f53e62b221fa0129564cae5faa9dd8f234c3dcc5f3ffd039bb
u02-s012-v008,question,optionAnalysis[2].choice,3,3,88a09c48f589386b2d18d8be987cffe6a938c9e22314f3542082f7f6243efdb5
u02-s012-v008,question,optionAnalysis[2].reason,5,15,0eb88446b39cff8f02f7f00063963f47c14904f29b42561e93db7f6fed5c2368
u02-s012-v008,question,optionAnalysis[3].choice,3,3,5132a20379415fe98f3a0700afc2a901e9b01af839b5454a8659152f0782c223
u02-s012-v008,question,optionAnalysis[3].reason,6,12,2f6726a36d49f279b7e4b072d83de48d197e6f06b8848bf03bf7f21b12598f50
u02-s012-v008,question,commonMistake,18,54,444179473b6f8054aa6e5350a5808fae5a363cd047d3b18131ce6a8ae2e1d46a
u02-s012-v008,question,concept,16,48,6f636794ef06c47e99b0b5cb9965dfbc26823da502840db784bfd8ffc686ad92
u02-s012-v008,question,tags[0],3,9,fd41540cbdbecb9b5fa7116d27c68e378548ab62ab7c7ca4494730a81ea87667
u02-s012-v008,question,tags[1],7,21,8ca813d66d311e6d54932e4be02f5f194cda3049eef0102c60063b9e1791cab8
u02-s012-v008,question,tags[2],8,8,d21f85ea38166303ce58e06134b5cc4a5c900c409ab2a500ff7c9225109a09bb
u02-s012-v008,question,estimatedTimeSec,2,2,39fa9ec190eee7b6f4dff1100d6343e10918d044c75eac8f9e9a2596173f80c9
u02-s012-v008,question,prerequisiteSkillIds[0],21,21,b97edefce07bf8907bdb22975ca63120b07231b12a448d21443236b4df7862f1
u02-s012-v008,question,authoringIntent,11,33,23eab72fa0fe812e7167b8deae884b61c2df0ba3eee3dc5a08af087ba0395d53
u02-s012-v008,question,reviewStatus,22,22,ec809598e2f7fcc69fad54c9cd045bba62b4a0dc7c0ff90d4efdc3788c9ad8fb
u02-s012-v008,question,contentSha256,64,64,9c98fcac3154f9b9bd2a4033be5fce68109aa4816bb3d44e3ceab9941afc4e66
u02-s012-v008,question,contentAuthority,25,25,ed40f75ffe3d6ad4e71f6e7919d063410490de360edb425965eccd605ca9d79e
u02-s012-v009,question,questionId,13,13,375d5204e5cda1cc0a19aab362347e0df5ae1255cf4302d9dd2249427369b897
u02-s012-v009,question,unitId,3,3,95b6504a8bd60df3a9a19ef2c504ac03429b325e9b81f0d701d07bdf6def6afb
u02-s012-v009,question,topicId,16,16,66e703817676a7ab7aa5a3dd6de79c75ae4590ebd2b1cf827c0f3445df800ee6
u02-s012-v009,question,skillId,31,31,fb5a8839ea0502fb3bba0d84228e947652ca7b95fc68afd5710256ddd2bf76c0
u02-s012-v009,question,difficulty,8,8,d21f85ea38166303ce58e06134b5cc4a5c900c409ab2a500ff7c9225109a09bb
u02-s012-v009,question,type,2,2,6bc0f9c4ecb0acbebf1b9f6c816bdd66f4885f67c917d9e141cf893014fba936
u02-s012-v009,question,visualMode,9,9,9c7d54b0bf7a9369d8594201c7b11955514343809d09fbec33966c1fd9794015
u02-s012-v009,question,sourceScope,19,19,a4b669ddb8ef1883391c07a7b633f12eeaeecee7ec37c09eea4931aff6644346
u02-s012-v009,question,text,40,64,7762e14901209d901a2766710cc01c1e77dab455f5ff1b490ee05929ccb11169
u02-s012-v009,question,choices[0],7,7,f317730e126da06482248a46717798d4d658187b1eccd97f975606899f9a2de5
u02-s012-v009,question,choices[1],7,7,81e5aad2cd48a4ad6115f4d6764769b0b525fd207496452fc05f9f2a860d6c40
u02-s012-v009,question,choices[2],7,7,a5c9878354ca4dc15abad19888ecd9b79a024bcba411c6a9d18d0f435978ba74
u02-s012-v009,question,choices[3],7,7,833aa67e5857858706170b34b9be5f68043546157f36f0a401863d8acdc9771f
u02-s012-v009,question,explanation,48,86,7834d940b30ee494f00169456a041eda12f64a574c68981c83893637100cd3bc
u02-s012-v009,question,steps[0],15,17,59bd917027204f941877cc5c08259c9b72406e19b63254e1304c05bad8e171d2
u02-s012-v009,question,steps[1],8,8,3d3dcd6caeed3c5fa9dc1a3027c7531d6d60c1be90b031b1008325a2b670a675
u02-s012-v009,question,optionAnalysis[0].choice,7,7,f317730e126da06482248a46717798d4d658187b1eccd97f975606899f9a2de5
u02-s012-v009,question,optionAnalysis[0].reason,12,26,aefa400fb4cd5d560722bb3ad85d1af6e6e794c95368e88a549341d6cec1ee2d
u02-s012-v009,question,optionAnalysis[1].choice,7,7,81e5aad2cd48a4ad6115f4d6764769b0b525fd207496452fc05f9f2a860d6c40
u02-s012-v009,question,optionAnalysis[1].reason,7,21,1586c5475da8d6fc68383128b4559875b8263d3e008d3067505ec903c86d93d4
u02-s012-v009,question,optionAnalysis[2].choice,7,7,a5c9878354ca4dc15abad19888ecd9b79a024bcba411c6a9d18d0f435978ba74
u02-s012-v009,question,optionAnalysis[2].reason,9,27,2b93954ea273864bb5ceb13070463052868101dccb6149addf532378216ba9c6
u02-s012-v009,question,optionAnalysis[3].choice,7,7,833aa67e5857858706170b34b9be5f68043546157f36f0a401863d8acdc9771f
u02-s012-v009,question,optionAnalysis[3].reason,5,15,dac68da4b372f1567f253146448fc0b7d9971e2671a6705ad5744f129fa6f882
u02-s012-v009,question,commonMistake,16,48,0f4eb0f2dca6d67ede0059d1f52dce3242fe25c9b0dbc5f2b0de91b38b08937a
u02-s012-v009,question,concept,22,66,f0b253ccf31a955ce39a2f83c7718cfa8b1ef6d4a61710c8fed4d0f143365969
u02-s012-v009,question,tags[0],3,9,fd41540cbdbecb9b5fa7116d27c68e378548ab62ab7c7ca4494730a81ea87667
u02-s012-v009,question,tags[1],7,21,8ca813d66d311e6d54932e4be02f5f194cda3049eef0102c60063b9e1791cab8
u02-s012-v009,question,tags[2],8,8,d21f85ea38166303ce58e06134b5cc4a5c900c409ab2a500ff7c9225109a09bb
u02-s012-v009,question,estimatedTimeSec,2,2,39fa9ec190eee7b6f4dff1100d6343e10918d044c75eac8f9e9a2596173f80c9
u02-s012-v009,question,prerequisiteSkillIds[0],21,21,b97edefce07bf8907bdb22975ca63120b07231b12a448d21443236b4df7862f1
u02-s012-v009,question,authoringIntent,7,21,690b07730f2ed4c14768150ca7e5f7c5f82763c47ef9b70581a80190c859dbd4
u02-s012-v009,question,reviewStatus,22,22,ec809598e2f7fcc69fad54c9cd045bba62b4a0dc7c0ff90d4efdc3788c9ad8fb
u02-s012-v009,question,contentSha256,64,64,b8e89d5c71b0494f6b6f3816482315650cb5d543df377765f04fb2eb48be7971
u02-s012-v009,question,contentAuthority,25,25,ed40f75ffe3d6ad4e71f6e7919d063410490de360edb425965eccd605ca9d79e
u02-s012-v010,question,questionId,13,13,c13428f760c961a8175a890f6fb364ec5c277521dd120affef4931edc1e01ed0
u02-s012-v010,question,unitId,3,3,95b6504a8bd60df3a9a19ef2c504ac03429b325e9b81f0d701d07bdf6def6afb
u02-s012-v010,question,topicId,16,16,66e703817676a7ab7aa5a3dd6de79c75ae4590ebd2b1cf827c0f3445df800ee6
u02-s012-v010,question,skillId,31,31,fb5a8839ea0502fb3bba0d84228e947652ca7b95fc68afd5710256ddd2bf76c0
u02-s012-v010,question,difficulty,8,8,578756ca4aa16d8872610a5aaa78460fd30fbe93379ff7284fe65d66ca606755
u02-s012-v010,question,type,2,2,6bc0f9c4ecb0acbebf1b9f6c816bdd66f4885f67c917d9e141cf893014fba936
u02-s012-v010,question,visualMode,9,9,9c7d54b0bf7a9369d8594201c7b11955514343809d09fbec33966c1fd9794015
u02-s012-v010,question,sourceScope,19,19,a4b669ddb8ef1883391c07a7b633f12eeaeecee7ec37c09eea4931aff6644346
u02-s012-v010,question,text,36,86,8e9db1055966ad1c533d3e3f7c16e1e540a02ac501fae923a9fe018946fbbea4
u02-s012-v010,question,choices[0],3,5,420ad4430b480e5d34c1bed5700809c8de8835686f5a08506dc313acdd0924b5
u02-s012-v010,question,choices[1],3,5,5a8a142beafa6752ffb3976367c60a01a11a144cfc8d98b75025b958d49956b6
u02-s012-v010,question,choices[2],3,5,d3c3474bc0ddaf0517210d5f6324d5233cd8fa1fa8bbc07f76262f4d4204598a
u02-s012-v010,question,choices[3],3,5,ecfa1cb9be43f36a6ed4dd2d20ae3660b524adf5a37c600147040043168ef5cd
u02-s012-v010,question,explanation,47,90,b4f3db0e2426e9bca797dd418e1d9246510b32801c00e822120a9137a64c01e1
u02-s012-v010,question,steps[0],15,19,8804b960cb646daca523524659e75185cbc4fc8edc4858a4a45308bd12bec3b5
u02-s012-v010,question,steps[1],11,12,52a2174563e57a13aed5952217962831cc3ff7c3ba6a2b7648cc86cc822f0c7f
u02-s012-v010,question,optionAnalysis[0].choice,3,5,420ad4430b480e5d34c1bed5700809c8de8835686f5a08506dc313acdd0924b5
u02-s012-v010,question,optionAnalysis[0].reason,7,19,dca4538af02316159c6c48bf8318700502f80a9749358890f695a0410d23d92d
u02-s012-v010,question,optionAnalysis[1].choice,3,5,5a8a142beafa6752ffb3976367c60a01a11a144cfc8d98b75025b958d49956b6
u02-s012-v010,question,optionAnalysis[1].reason,5,13,a99c077eae445b19b372f85f3a7981a0f78ba8a6fe9b590f602de9d8f676c9e1
u02-s012-v010,question,optionAnalysis[2].choice,3,5,d3c3474bc0ddaf0517210d5f6324d5233cd8fa1fa8bbc07f76262f4d4204598a
u02-s012-v010,question,optionAnalysis[2].reason,7,19,805b1ced89e8f30dd9970c987ec39c2fdf1035c8bd5bd6704a1175c5a674f307
u02-s012-v010,question,optionAnalysis[3].choice,3,5,ecfa1cb9be43f36a6ed4dd2d20ae3660b524adf5a37c600147040043168ef5cd
u02-s012-v010,question,optionAnalysis[3].reason,28,53,771771bb65de05371d649ec6b12cb744390437e574cecf7609d946b16e51ddf4
u02-s012-v010,question,commonMistake,10,30,e2cecf1508eb67867eec8b80fb7c8bf43f45aa6cc9ed1c7b7535c413ea05bdf1
u02-s012-v010,question,concept,17,48,7a7c1e84cc0d8837ea4ef81335d8654079e691276f8913be98090635fb93a2d9
u02-s012-v010,question,tags[0],3,9,fd41540cbdbecb9b5fa7116d27c68e378548ab62ab7c7ca4494730a81ea87667
u02-s012-v010,question,tags[1],7,21,8ca813d66d311e6d54932e4be02f5f194cda3049eef0102c60063b9e1791cab8
u02-s012-v010,question,tags[2],8,8,578756ca4aa16d8872610a5aaa78460fd30fbe93379ff7284fe65d66ca606755
u02-s012-v010,question,estimatedTimeSec,2,2,39fa9ec190eee7b6f4dff1100d6343e10918d044c75eac8f9e9a2596173f80c9
u02-s012-v010,question,prerequisiteSkillIds[0],21,21,b97edefce07bf8907bdb22975ca63120b07231b12a448d21443236b4df7862f1
u02-s012-v010,question,authoringIntent,8,24,38ddac537f7eb9b5ae10c2911a5ba4bb6a66a65eb1470529a8b25d83319c6796
u02-s012-v010,question,literacyContextNecessity,30,90,2ee70ea5b57f0ccb253c11f378da0b52804d02b2b4989d78220a05584f573d18
u02-s012-v010,question,reviewStatus,22,22,ec809598e2f7fcc69fad54c9cd045bba62b4a0dc7c0ff90d4efdc3788c9ad8fb
u02-s012-v010,question,contentSha256,64,64,562c9c37b75676a7fb72f04573e23aefb4ded961009ae024f50807430dc8c4b0
u02-s012-v010,question,contentAuthority,25,25,ed40f75ffe3d6ad4e71f6e7919d063410490de360edb425965eccd605ca9d79e
u02-s012-v011,question,questionId,13,13,ca8d9fec3f027a7287c2948f80ca557272eebc500ca8f6b6cd2b10f34473ef85
u02-s012-v011,question,unitId,3,3,95b6504a8bd60df3a9a19ef2c504ac03429b325e9b81f0d701d07bdf6def6afb
u02-s012-v011,question,topicId,16,16,66e703817676a7ab7aa5a3dd6de79c75ae4590ebd2b1cf827c0f3445df800ee6
u02-s012-v011,question,skillId,31,31,fb5a8839ea0502fb3bba0d84228e947652ca7b95fc68afd5710256ddd2bf76c0
u02-s012-v011,question,difficulty,8,8,578756ca4aa16d8872610a5aaa78460fd30fbe93379ff7284fe65d66ca606755
u02-s012-v011,question,type,2,2,6bc0f9c4ecb0acbebf1b9f6c816bdd66f4885f67c917d9e141cf893014fba936
u02-s012-v011,question,visualMode,9,9,9c7d54b0bf7a9369d8594201c7b11955514343809d09fbec33966c1fd9794015
u02-s012-v011,question,sourceScope,19,19,a4b669ddb8ef1883391c07a7b633f12eeaeecee7ec37c09eea4931aff6644346
u02-s012-v011,question,text,54,144,6ed87d028774f967a2aa82e96abd02c7befb524766b7cf1ea01b1ea81fe7dcb0
u02-s012-v011,question,choices[0],4,4,844f5767a56764778291ffe2dce3664e3c626df6f566633818c065f01b7d0067
u02-s012-v011,question,choices[1],3,3,723eb67036c816923ec8d1b7c559627c2a8c64aa1e6b3aad89108c6f2368284a
u02-s012-v011,question,choices[2],4,4,2d0ba250dbdb3e61c40f6500fcb6cd35f793a14e94bacab7197ab693092f3521
u02-s012-v011,question,choices[3],5,5,ad2ae141799042896e8bcf445caf251353c9e7fa632d0133a9e1d750e7a6d8a5
u02-s012-v011,question,explanation,74,159,30269a126d66ee619032b92aa3e4f0e2329debc2a7417639eba25ee2568349a8
u02-s012-v011,question,steps[0],17,45,d056198fb09ccd0b2d48cb417005c6788c9cf651341bb71aeae37818171cd1fb
u02-s012-v011,question,steps[1],11,27,8010260ce3fb9274e387760708008169cb1ee85d17b7ac97a5025c421b8a2444
u02-s012-v011,question,steps[2],23,26,d5e6a07b1c1ad158d13620f78c069d771fb1191ed5e34f9dbafe68b16b01622e
u02-s012-v011,question,optionAnalysis[0].choice,4,4,844f5767a56764778291ffe2dce3664e3c626df6f566633818c065f01b7d0067
u02-s012-v011,question,optionAnalysis[0].reason,14,34,df987fe6d51db075129469e1d16898c6f518f70a2ba70ddf0604adee0a680ed0
u02-s012-v011,question,optionAnalysis[1].choice,3,3,723eb67036c816923ec8d1b7c559627c2a8c64aa1e6b3aad89108c6f2368284a
u02-s012-v011,question,optionAnalysis[1].reason,17,33,0beb63bd62a5c736507df2b5b2d22e7813557adbade603b7f493ab7888555bba
u02-s012-v011,question,optionAnalysis[2].choice,4,4,2d0ba250dbdb3e61c40f6500fcb6cd35f793a14e94bacab7197ab693092f3521
u02-s012-v011,question,optionAnalysis[2].reason,20,29,57bb626695e25d92d166d766b85011a573de5b08964da68ab4f126b59902c301
u02-s012-v011,question,optionAnalysis[3].choice,5,5,ad2ae141799042896e8bcf445caf251353c9e7fa632d0133a9e1d750e7a6d8a5
u02-s012-v011,question,optionAnalysis[3].reason,22,50,95d143b397ba5fd95217182305fc2bfa07d90edb5f18b37b3e041aff76f58200
u02-s012-v011,question,commonMistake,26,60,208f8ac7496620699287c1d82b5ae76ecd02dd7f1133ac6b5063c2c04659f962
u02-s012-v011,question,concept,23,69,eb9f5c38e105bfc8758ae684113bc932f4a0a799308d54e2d53ce7337a8e92c0
u02-s012-v011,question,tags[0],3,9,fd41540cbdbecb9b5fa7116d27c68e378548ab62ab7c7ca4494730a81ea87667
u02-s012-v011,question,tags[1],7,21,8ca813d66d311e6d54932e4be02f5f194cda3049eef0102c60063b9e1791cab8
u02-s012-v011,question,tags[2],8,8,578756ca4aa16d8872610a5aaa78460fd30fbe93379ff7284fe65d66ca606755
u02-s012-v011,question,estimatedTimeSec,2,2,39fa9ec190eee7b6f4dff1100d6343e10918d044c75eac8f9e9a2596173f80c9
u02-s012-v011,question,prerequisiteSkillIds[0],21,21,b97edefce07bf8907bdb22975ca63120b07231b12a448d21443236b4df7862f1
u02-s012-v011,question,authoringIntent,15,45,a65ba852f62b9ce929e692014b8a0327459cbf3bc63fe2d33df20d901b6e46e4
u02-s012-v011,question,literacyContextNecessity,36,108,a557c3b6be04e1a3d8a9c706dd877952e3542945dff9fed0f627761bce868a07
u02-s012-v011,question,reviewStatus,22,22,ec809598e2f7fcc69fad54c9cd045bba62b4a0dc7c0ff90d4efdc3788c9ad8fb
u02-s012-v011,question,contentSha256,64,64,bb7dff7bd57dd01820bd5fa03f659543f7257b721de3360655372de864f45145
u02-s012-v011,question,contentAuthority,25,25,ed40f75ffe3d6ad4e71f6e7919d063410490de360edb425965eccd605ca9d79e
u02-s012-v012,question,questionId,13,13,8b8893229a9e0e1211b553d03726d7755f248d33452da5393bd6d59dae061fc3
u02-s012-v012,question,unitId,3,3,95b6504a8bd60df3a9a19ef2c504ac03429b325e9b81f0d701d07bdf6def6afb
u02-s012-v012,question,topicId,16,16,66e703817676a7ab7aa5a3dd6de79c75ae4590ebd2b1cf827c0f3445df800ee6
u02-s012-v012,question,skillId,31,31,fb5a8839ea0502fb3bba0d84228e947652ca7b95fc68afd5710256ddd2bf76c0
u02-s012-v012,question,difficulty,8,8,578756ca4aa16d8872610a5aaa78460fd30fbe93379ff7284fe65d66ca606755
u02-s012-v012,question,type,2,2,6bc0f9c4ecb0acbebf1b9f6c816bdd66f4885f67c917d9e141cf893014fba936
u02-s012-v012,question,visualMode,9,9,9c7d54b0bf7a9369d8594201c7b11955514343809d09fbec33966c1fd9794015
u02-s012-v012,question,sourceScope,19,19,a4b669ddb8ef1883391c07a7b633f12eeaeecee7ec37c09eea4931aff6644346
u02-s012-v012,question,text,35,83,2375f941902d13f04eaaa3b49f451eff1c8a954c6b7db25780011307675dd2a4
u02-s012-v012,question,choices[0],3,5,df6917f763e9b31ba1b350df7c4d22555c2750f71a7c9ee597756d824a396cb7
u02-s012-v012,question,choices[1],3,5,ff74a7ccba37588c43df926eebf44ac23d2d9f2e5aa6a2a1c5d45652e1d6f81c
u02-s012-v012,question,choices[2],4,6,6b98fea94252cb44c306733ecd3a866ec22d2798338e34edf4acf45ae823c4b9
u02-s012-v012,question,choices[3],4,6,cd53c84e7e648801145bd5d8073694e983c6b2b6689d6f34cbd4c3664fbef0c6
u02-s012-v012,question,explanation,47,90,6aaed6d5fec033ff98befc9f51fef92658442c5d4704668257703dfcc443cd6c
u02-s012-v012,question,steps[0],15,19,c1efde8898f6f3592bbac74c154fea30f240561a14032067eaf63d2947f01c07
u02-s012-v012,question,steps[1],10,11,6b6e5f8f517a4e54cf9651f3fe67c908d82c053fadbec2a7638c85ee55d50ce3
u02-s012-v012,question,optionAnalysis[0].choice,3,5,df6917f763e9b31ba1b350df7c4d22555c2750f71a7c9ee597756d824a396cb7
u02-s012-v012,question,optionAnalysis[0].reason,10,22,8e2f7cc275d7cb984546773532f3cd5cb52614d75b5c2ffcb63c84da229e6b2c
u02-s012-v012,question,optionAnalysis[1].choice,3,5,ff74a7ccba37588c43df926eebf44ac23d2d9f2e5aa6a2a1c5d45652e1d6f81c
u02-s012-v012,question,optionAnalysis[1].reason,9,19,fb063ab8a79f214757a6f92bc4c73dca8f735463ea5a93aa1f875659f7ffadec
u02-s012-v012,question,optionAnalysis[2].choice,4,6,6b98fea94252cb44c306733ecd3a866ec22d2798338e34edf4acf45ae823c4b9
u02-s012-v012,question,optionAnalysis[2].reason,6,14,475b98eb6f476c3c3fecd7cb47873d22640e93d16cf8c64dcd72c35cf1f9d4c3
u02-s012-v012,question,optionAnalysis[3].choice,4,6,cd53c84e7e648801145bd5d8073694e983c6b2b6689d6f34cbd4c3664fbef0c6
u02-s012-v012,question,optionAnalysis[3].reason,8,20,4e4125108ed38d5c1bce6015f250a376b703901fb3e4a3842eab789ac7ca0ce1
u02-s012-v012,question,commonMistake,8,24,866f74eef8d4f4e84df6df34f9e962dcbdae0bf6d5920f91c90199920209e230
u02-s012-v012,question,concept,13,39,a212ba91cb99b6d7a66740c7148713d1aebe80565c5bfff9da1e18195d1b4a03
u02-s012-v012,question,tags[0],3,9,fd41540cbdbecb9b5fa7116d27c68e378548ab62ab7c7ca4494730a81ea87667
u02-s012-v012,question,tags[1],7,21,8ca813d66d311e6d54932e4be02f5f194cda3049eef0102c60063b9e1791cab8
u02-s012-v012,question,tags[2],8,8,578756ca4aa16d8872610a5aaa78460fd30fbe93379ff7284fe65d66ca606755
u02-s012-v012,question,estimatedTimeSec,2,2,39fa9ec190eee7b6f4dff1100d6343e10918d044c75eac8f9e9a2596173f80c9
u02-s012-v012,question,prerequisiteSkillIds[0],21,21,b97edefce07bf8907bdb22975ca63120b07231b12a448d21443236b4df7862f1
u02-s012-v012,question,authoringIntent,5,15,6f6510df51de2493b47c649759ff84c912017aba811999e6d45625eb3f5ba9ce
u02-s012-v012,question,literacyContextNecessity,32,96,ff39f305bfec0da61e242af6dd9ff64b8c0420a7c2d697823704a2a11f889dc2
u02-s012-v012,question,reviewStatus,22,22,ec809598e2f7fcc69fad54c9cd045bba62b4a0dc7c0ff90d4efdc3788c9ad8fb
u02-s012-v012,question,contentSha256,64,64,fa32ad10175393e649f4c93249a5d9103ed1d363105ebb0340861ce4b5e4b5b0
u02-s012-v012,question,contentAuthority,25,25,ed40f75ffe3d6ad4e71f6e7919d063410490de360edb425965eccd605ca9d79e
u02-s012-cr001,question,questionId,14,14,1d748610094cf31d9ee2c2218b71e100c451f8244f195db647c37fd2d78aa2c4
u02-s012-cr001,question,unitId,3,3,95b6504a8bd60df3a9a19ef2c504ac03429b325e9b81f0d701d07bdf6def6afb
u02-s012-cr001,question,topicId,16,16,66e703817676a7ab7aa5a3dd6de79c75ae4590ebd2b1cf827c0f3445df800ee6
u02-s012-cr001,question,skillId,31,31,fb5a8839ea0502fb3bba0d84228e947652ca7b95fc68afd5710256ddd2bf76c0
u02-s012-cr001,question,difficulty,8,8,fe6d3468cf5c74d8ec2a95b40f2e05338c37a4202f8fad692d2b64a9cf9b468a
u02-s012-cr001,question,type,20,20,e519496c259191db041ac61161dbfadb673dd94a10a123ed7423adcf7968ae7c
u02-s012-cr001,question,visualMode,9,9,9c7d54b0bf7a9369d8594201c7b11955514343809d09fbec33966c1fd9794015
u02-s012-cr001,question,prompt,38,74,16fd0152f324d416230656be9f2b722086a16ab8ee4d04d1342426307d4ba616
u02-s012-cr001,question,requiredWork[0],9,27,e328f17b972a01aaa2cbd46a1e6935d81600ceb876b982c5e610fa5543f8221f
u02-s012-cr001,question,requiredWork[1],7,19,9d3f5eeae654c6149006e01b97fafc4f6cc1b59f7e066a916c2ca9a7c0fb0c36
u02-s012-cr001,question,requiredWork[2],9,27,79144b18f918ce06b6531e1d719d1cc3f93aa77ccf747deafc6c8e5f22d359ef
u02-s012-cr001,question,fullCreditSolution[0],27,33,bac4d9c9d3a06ca67f0a3435f4e457aa7d0387b87ae31d3fb8c6ed0f698e04ff
u02-s012-cr001,question,fullCreditSolution[1],27,33,0d5e6eb1bc4d4f43668ec4afc132101314cb0ce44f515ec3c8a8d78cf0a758db
u02-s012-cr001,question,fullCreditSolution[2],34,38,acb0f146e22daa10a915ed1171378248a423ad46687864eaedcf8b4bd479fbfe
u02-s012-cr001,question,alternativeSolutions[0],18,40,97ff7311d8cdde277a068bbdf660bbcadde2d3e8cd7973030253f88d52777cf7
u02-s012-cr001,question,rubric[0].criteria,13,29,f27b1fcb379681e758249877217d2846d304060449c9b6e8bb0c5774c1274dc6
u02-s012-cr001,question,rubric[1].criteria,12,36,068f7ac87bf692b71ae463531ab20a9553e3b8388d5bb3aa4d6c0b87a2206f7a
u02-s012-cr001,question,rubric[2].criteria,13,39,474fd7cec9ebbe0ad8f04c31ee35c1b84253f7082054c6539d716699b0eb5c58
u02-s012-cr001,question,rubric[3].criteria,9,27,70926c641debf1b152c3fa048d4cab1337eb7f1bdde5c31f3f441e10f6efda17
u02-s012-cr001,question,scoringNotes[0],15,23,956428cfbe62c94175f9cf90fe33030ceb4a8af1a5447697ed2795e964a1f6f9
u02-s012-cr001,question,commonErrors[0],7,21,0477fbac4ca7489cd19733b80c5eb08c1ba8cb5a1ac64883fb9c20712dbee552
u02-s012-cr001,question,commonErrors[1],8,18,87c421e643382e15d98f1405bbd952daa60251ef5c6de80a574988ec2628dfad
u02-s012-cr001,question,independentReview.derivedResult,6,8,9b8f49465c7b4cc61d458616e3f5882c99eb0945f900e5be2466bf5487977d91
u02-s012-cr001,question,independentReview.ambiguity,13,39,a002cc7730a51394b314637b0319ebef4fcc15c200e373b3295a24c89981de0a
u02-s012-cr001,question,independentReview.decision,4,4,d74ff0ee8da3b9806b18c877dbf29bbde50b5bd8e4dad7a3a725000feb82e8f1
u02-s012-cr001,question,contentSha256,64,64,8ef7cf1260e42ae02ffd1ecedd09cc833a307e38679a95915f12b42c4780ba94
u02-s012-cr001,question,contentAuthority,25,25,ed40f75ffe3d6ad4e71f6e7919d063410490de360edb425965eccd605ca9d79e
u02-s012-cr002,question,questionId,14,14,7be97b4a92362c0182d3fc017fe7f3803ef9f911e9d2e93207a2bfb1b173975f
u02-s012-cr002,question,unitId,3,3,95b6504a8bd60df3a9a19ef2c504ac03429b325e9b81f0d701d07bdf6def6afb
u02-s012-cr002,question,topicId,16,16,66e703817676a7ab7aa5a3dd6de79c75ae4590ebd2b1cf827c0f3445df800ee6
u02-s012-cr002,question,skillId,31,31,fb5a8839ea0502fb3bba0d84228e947652ca7b95fc68afd5710256ddd2bf76c0
u02-s012-cr002,question,difficulty,8,8,d21f85ea38166303ce58e06134b5cc4a5c900c409ab2a500ff7c9225109a09bb
u02-s012-cr002,question,type,20,20,e519496c259191db041ac61161dbfadb673dd94a10a123ed7423adcf7968ae7c
u02-s012-cr002,question,visualMode,9,9,9c7d54b0bf7a9369d8594201c7b11955514343809d09fbec33966c1fd9794015
u02-s012-cr002,question,prompt,45,63,f9d867bb8e6fc5558d173d047b402326d0087b2a8546d5ac74fbb2200f17f3cb
u02-s012-cr002,question,requiredWork[0],10,30,2d784b7c3dfd4140e59936f8a01b8ac55324f73e953ba0be7b2dc747e3e48c83
u02-s012-cr002,question,requiredWork[1],7,21,d1b3ea79d956f63ab24782ccf1b78853075d68dc720cdf13af7b7747105d4cd6
u02-s012-cr002,question,fullCreditSolution[0],15,24,2ac289ae02c431ee1d0aa2057cc5cbb7ba24429b6d08b465c51f336bbbf1cd60
u02-s012-cr002,question,fullCreditSolution[1],29,39,6a7a202a636f6b58cd34c5f1ced0ccc7b94adf4a4078ac47388ec46c0ad49c9b
u02-s012-cr002,question,fullCreditSolution[2],23,27,c1251b819b105fb633009a3f145f23657caa0d9084162a1656b675b081552155
u02-s012-cr002,question,alternativeSolutions[0],30,49,f68a9f50630c63823ab361f40d1f3be56dc10cf269b8ea276f20c2669106fbb4
u02-s012-cr002,question,rubric[0].criteria,14,30,ba8736abee18c80c97ea44cd1814381575a4692e09a5b0d7d9db6c6caeb7a15f
u02-s012-cr002,question,rubric[1].criteria,12,36,cd561dc5ca26b7286b6c1b60409c44752e834f837534325d59a81cacfcf72484
u02-s012-cr002,question,rubric[2].criteria,11,33,97aca9994943e7fd0288dec6bd0b3ba37176497f5e44712537d06c5fbe7eeb77
u02-s012-cr002,question,rubric[3].criteria,10,30,ac35234611e610cc967da71412a2b648cd5aef690dd70ffb520f890ba82bf949
u02-s012-cr002,question,scoringNotes[0],8,22,c6a37642fa8a1037d5b0a27a8fb5b677a77b9af1b28d1eae5c3f41f1acd6f6a3
u02-s012-cr002,question,commonErrors[0],10,30,7cae183f7f8e4c782b86f9f4e4dbdbeb66df5fa7cbe225192013c55563c72401
u02-s012-cr002,question,commonErrors[1],7,21,f2ee263084b8da3c599d1168d20d5c5fcee48bba0b922c33d3430b2314b9a0a6
u02-s012-cr002,question,independentReview.derivedResult,7,9,f55b23a3d8911eb7581adda6e613edfdea7ebef1b2c9d7592ced7d14ab417acd
u02-s012-cr002,question,independentReview.ambiguity,13,39,a002cc7730a51394b314637b0319ebef4fcc15c200e373b3295a24c89981de0a
u02-s012-cr002,question,independentReview.decision,4,4,d74ff0ee8da3b9806b18c877dbf29bbde50b5bd8e4dad7a3a725000feb82e8f1
u02-s012-cr002,question,contentSha256,64,64,1f7654b77c021c87d06aed3ee4869c45753113d699aeeda35b762b5a3c48f339
u02-s012-cr002,question,contentAuthority,25,25,ed40f75ffe3d6ad4e71f6e7919d063410490de360edb425965eccd605ca9d79e
