subject,grade,semester,publisher,resource_title,edition_or_date,approval_or_catalog_evidence,url_or_path,source_hash,access_level,copyright_status,curriculum_codes,teaching_sequence,terminology,representations,examples_or_activities,misconceptions,production_adoption,final_audit_status,notes
chinese,7,1,南一書局企業股份有限公司,115學年度國民中學國文第1冊課本、習作,三版 / 1101400538 / 1131401236,NAER清冊第1列；國審字第108017,https://textbooks.naer.edu.tw/DownLoadFile.aspx?ASParam=TUZIRSs3NSUyNjglMjQlN2QlMWIlMDR1eSUwZWdocCU3ZWZ3JTExd20lMWN1JTBiJTBjJTFiZm4lMDAlMTIlN2V3ZnQlMDMlMWVwJTBiJTBjJTA2JTFkJTFldg==,a2de4a4efa1ddbb45503e92d689e00e0b493e40d999b088c0f6c64164f4e5d52,official catalog metadata only; publisher full text not acquired,modern publisher textbook protected; metadata only,,volume and grade metadata only; no teaching sequence inferred,not reviewed at catalog layer,not reviewed at catalog layer,not copied or reviewed at catalog layer,not reviewed at catalog layer,reference candidate only; official curriculum remains scope authority,pending public-resource review,115學年度國民小學及國民中學審定本教科用書清冊
chinese,7,1,康軒文教事業股份有限公司,115學年度國民中學國文第1冊課本、習作,三版 / 1101400535 / 1131401190,NAER清冊第2列；國審字第108004,https://textbooks.naer.edu.tw/DownLoadFile.aspx?ASParam=TUZIRSs3NSUyNjglMjQlN2QlMWIlMDR1eSUwZWdocCU3ZWZ3JTExd20lMWN1JTBiJTBjJTFiZm4lMDAlMTIlN2V3ZnQlMDMlMWVwJTBiJTBjJTA2JTFkJTFldg==,a2de4a4efa1ddbb45503e92d689e00e0b493e40d999b088c0f6c64164f4e5d52,official catalog metadata only; publisher full text not acquired,modern publisher textbook protected; metadata only,,volume and grade metadata only; no teaching sequence inferred,not reviewed at catalog layer,not reviewed at catalog layer,not copied or reviewed at catalog layer,not reviewed at catalog layer,reference candidate only; official curriculum remains scope authority,pending public-resource review,115學年度國民小學及國民中學審定本教科用書清冊
chinese,7,1,翰林出版事業股份有限公司,115學年度國民中學國文第1冊課本、習作,三版 / 1101400540 / 1131401162,NAER清冊第3列；國審字第108015,https://textbooks.naer.edu.tw/DownLoadFile.aspx?ASParam=TUZIRSs3NSUyNjglMjQlN2QlMWIlMDR1eSUwZWdocCU3ZWZ3JTExd20lMWN1JTBiJTBjJTFiZm4lMDAlMTIlN2V3ZnQlMDMlMWVwJTBiJTBjJTA2JTFkJTFldg==,a2de4a4efa1ddbb45503e92d689e00e0b493e40d999b088c0f6c64164f4e5d52,official catalog metadata only; publisher full text not acquired,modern publisher textbook protected; metadata only,,volume and grade metadata only; no teaching sequence inferred,not reviewed at catalog layer,not reviewed at catalog layer,not copied or reviewed at catalog layer,not reviewed at catalog layer,reference candidate only; official curriculum remains scope authority,pending public-resource review,115學年度國民小學及國民中學審定本教科用書清冊
chinese,7,2,南一書局企業股份有限公司,115學年度國民中學國文第2冊課本、習作,三版 / 1101401729 / 1131402537,NAER清冊第4列；國審字第108078,https://textbooks.naer.edu.tw/DownLoadFile.aspx?ASParam=TUZIRSs3NSUyNjglMjQlN2QlMWIlMDR1eSUwZWdocCU3ZWZ3JTExd20lMWN1JTBiJTBjJTFiZm4lMDAlMTIlN2V3ZnQlMDMlMWVwJTBiJTBjJTA2JTFkJTFldg==,a2de4a4efa1ddbb45503e92d689e00e0b493e40d999b088c0f6c64164f4e5d52,official catalog metadata only; publisher full text not acquired,modern publisher textbook protected; metadata only,,volume and grade metadata only; no teaching sequence inferred,not reviewed at catalog layer,not reviewed at catalog layer,not copied or reviewed at catalog layer,not reviewed at catalog layer,reference candidate only; official curriculum remains scope authority,pending public-resource review,115學年度國民小學及國民中學審定本教科用書清冊
chinese,7,2,康軒文教事業股份有限公司,115學年度國民中學國文第2冊課本、習作,三版 / 1101401571 / 1131402555,NAER清冊第5列；國審字第108052,https://textbooks.naer.edu.tw/DownLoadFile.aspx?ASParam=TUZIRSs3NSUyNjglMjQlN2QlMWIlMDR1eSUwZWdocCU3ZWZ3JTExd20lMWN1JTBiJTBjJTFiZm4lMDAlMTIlN2V3ZnQlMDMlMWVwJTBiJTBjJTA2JTFkJTFldg==,a2de4a4efa1ddbb45503e92d689e00e0b493e40d999b088c0f6c64164f4e5d52,official catalog metadata only; publisher full text not acquired,modern publisher textbook protected; metadata only,,volume and grade metadata only; no teaching sequence inferred,not reviewed at catalog layer,not reviewed at catalog layer,not copied or reviewed at catalog layer,not reviewed at catalog layer,reference candidate only; official curriculum remains scope authority,pending public-resource review,115學年度國民小學及國民中學審定本教科用書清冊
chinese,7,2,翰林出版事業股份有限公司,115學年度國民中學國文第2冊課本、習作,三版 / 1101401625 / 1131402430,NAER清冊第6列；國審字第108074,https://textbooks.naer.edu.tw/DownLoadFile.aspx?ASParam=TUZIRSs3NSUyNjglMjQlN2QlMWIlMDR1eSUwZWdocCU3ZWZ3JTExd20lMWN1JTBiJTBjJTFiZm4lMDAlMTIlN2V3ZnQlMDMlMWVwJTBiJTBjJTA2JTFkJTFldg==,a2de4a4efa1ddbb45503e92d689e00e0b493e40d999b088c0f6c64164f4e5d52,official catalog metadata only; publisher full text not acquired,modern publisher textbook protected; metadata only,,volume and grade metadata only; no teaching sequence inferred,not reviewed at catalog layer,not reviewed at catalog layer,not copied or reviewed at catalog layer,not reviewed at catalog layer,reference candidate only; official curriculum remains scope authority,pending public-resource review,115學年度國民小學及國民中學審定本教科用書清冊
chinese,8,1,南一書局企業股份有限公司,115學年度國民中學國文第3冊課本、習作,三版 / 1111400461 / 1141400760,NAER清冊第7列；國審字第109031,https://textbooks.naer.edu.tw/DownLoadFile.aspx?ASParam=TUZIRSs3NSUyNjglMjQlN2QlMWIlMDR1eSUwZWdocCU3ZWZ3JTExd20lMWN1JTBiJTBjJTFiZm4lMDAlMTIlN2V3ZnQlMDMlMWVwJTBiJTBjJTA2JTFkJTFldg==,a2de4a4efa1ddbb45503e92d689e00e0b493e40d999b088c0f6c64164f4e5d52,official catalog metadata only; publisher full text not acquired,modern publisher textbook protected; metadata only,,volume and grade metadata only; no teaching sequence inferred,not reviewed at catalog layer,not reviewed at catalog layer,not copied or reviewed at catalog layer,not reviewed at catalog layer,reference candidate only; official curriculum remains scope authority,pending public-resource review,115學年度國民小學及國民中學審定本教科用書清冊
chinese,8,1,康軒文教事業股份有限公司,115學年度國民中學國文第3冊課本、習作,三版 / 1111400224 / 1141400463,NAER清冊第8列；國審字第109005,https://textbooks.naer.edu.tw/DownLoadFile.aspx?ASParam=TUZIRSs3NSUyNjglMjQlN2QlMWIlMDR1eSUwZWdocCU3ZWZ3JTExd20lMWN1JTBiJTBjJTFiZm4lMDAlMTIlN2V3ZnQlMDMlMWVwJTBiJTBjJTA2JTFkJTFldg==,a2de4a4efa1ddbb45503e92d689e00e0b493e40d999b088c0f6c64164f4e5d52,official catalog metadata only; publisher full text not acquired,modern publisher textbook protected; metadata only,,volume and grade metadata only; no teaching sequence inferred,not reviewed at catalog layer,not reviewed at catalog layer,not copied or reviewed at catalog layer,not reviewed at catalog layer,reference candidate only; official curriculum remains scope authority,pending public-resource review,115學年度國民小學及國民中學審定本教科用書清冊
chinese,8,1,翰林出版事業股份有限公司,115學年度國民中學國文第3冊課本、習作,三版 / 1111400294 / 1141400759,NAER清冊第9列；國審字第109027,https://textbooks.naer.edu.tw/DownLoadFile.aspx?ASParam=TUZIRSs3NSUyNjglMjQlN2QlMWIlMDR1eSUwZWdocCU3ZWZ3JTExd20lMWN1JTBiJTBjJTFiZm4lMDAlMTIlN2V3ZnQlMDMlMWVwJTBiJTBjJTA2JTFkJTFldg==,a2de4a4efa1ddbb45503e92d689e00e0b493e40d999b088c0f6c64164f4e5d52,official catalog metadata only; publisher full text not acquired,modern publisher textbook protected; metadata only,,volume and grade metadata only; no teaching sequence inferred,not reviewed at catalog layer,not reviewed at catalog layer,not copied or reviewed at catalog layer,not reviewed at catalog layer,reference candidate only; official curriculum remains scope authority,pending public-resource review,115學年度國民小學及國民中學審定本教科用書清冊
chinese,8,2,南一書局企業股份有限公司,115學年度國民中學國文第4冊課本、習作,三版 / 1111400949 / 1141402005,NAER清冊第10列；國審字第109079,https://textbooks.naer.edu.tw/DownLoadFile.aspx?ASParam=TUZIRSs3NSUyNjglMjQlN2QlMWIlMDR1eSUwZWdocCU3ZWZ3JTExd20lMWN1JTBiJTBjJTFiZm4lMDAlMTIlN2V3ZnQlMDMlMWVwJTBiJTBjJTA2JTFkJTFldg==,a2de4a4efa1ddbb45503e92d689e00e0b493e40d999b088c0f6c64164f4e5d52,official catalog metadata only; publisher full text not acquired,modern publisher textbook protected; metadata only,,volume and grade metadata only; no teaching sequence inferred,not reviewed at catalog layer,not reviewed at catalog layer,not copied or reviewed at catalog layer,not reviewed at catalog layer,reference candidate only; official curriculum remains scope authority,pending public-resource review,115學年度國民小學及國民中學審定本教科用書清冊
chinese,8,2,康軒文教事業股份有限公司,115學年度國民中學國文第4冊課本、習作,三版 / 1111400702 / 1141401787,NAER清冊第11列；國審字第109052,https://textbooks.naer.edu.tw/DownLoadFile.aspx?ASParam=TUZIRSs3NSUyNjglMjQlN2QlMWIlMDR1eSUwZWdocCU3ZWZ3JTExd20lMWN1JTBiJTBjJTFiZm4lMDAlMTIlN2V3ZnQlMDMlMWVwJTBiJTBjJTA2JTFkJTFldg==,a2de4a4efa1ddbb45503e92d689e00e0b493e40d999b088c0f6c64164f4e5d52,official catalog metadata only; publisher full text not acquired,modern publisher textbook protected; metadata only,,volume and grade metadata only; no teaching sequence inferred,not reviewed at catalog layer,not reviewed at catalog layer,not copied or reviewed at catalog layer,not reviewed at catalog layer,reference candidate only; official curriculum remains scope authority,pending public-resource review,115學年度國民小學及國民中學審定本教科用書清冊
chinese,8,2,翰林出版事業股份有限公司,115學年度國民中學國文第4冊課本、習作,三版 / 1111401021 / 1141402158,NAER清冊第12列；國審字第109069,https://textbooks.naer.edu.tw/DownLoadFile.aspx?ASParam=TUZIRSs3NSUyNjglMjQlN2QlMWIlMDR1eSUwZWdocCU3ZWZ3JTExd20lMWN1JTBiJTBjJTFiZm4lMDAlMTIlN2V3ZnQlMDMlMWVwJTBiJTBjJTA2JTFkJTFldg==,a2de4a4efa1ddbb45503e92d689e00e0b493e40d999b088c0f6c64164f4e5d52,official catalog metadata only; publisher full text not acquired,modern publisher textbook protected; metadata only,,volume and grade metadata only; no teaching sequence inferred,not reviewed at catalog layer,not reviewed at catalog layer,not copied or reviewed at catalog layer,not reviewed at catalog layer,reference candidate only; official curriculum remains scope authority,pending public-resource review,115學年度國民小學及國民中學審定本教科用書清冊
chinese,9,1,南一書局企業股份有限公司,115學年度國民中學國文第5冊課本、習作,三版 / 1121401109 / 1151400743,NAER清冊第13列；國審字第110042,https://textbooks.naer.edu.tw/DownLoadFile.aspx?ASParam=TUZIRSs3NSUyNjglMjQlN2QlMWIlMDR1eSUwZWdocCU3ZWZ3JTExd20lMWN1JTBiJTBjJTFiZm4lMDAlMTIlN2V3ZnQlMDMlMWVwJTBiJTBjJTA2JTFkJTFldg==,a2de4a4efa1ddbb45503e92d689e00e0b493e40d999b088c0f6c64164f4e5d52,official catalog metadata only; publisher full text not acquired,modern publisher textbook protected; metadata only,,volume and grade metadata only; no teaching sequence inferred,not reviewed at catalog layer,not reviewed at catalog layer,not copied or reviewed at catalog layer,not reviewed at catalog layer,reference candidate only; official curriculum remains scope authority,pending public-resource review,115學年度國民小學及國民中學審定本教科用書清冊
chinese,9,1,康軒文教事業股份有限公司,115學年度國民中學國文第5冊課本、習作,三版 / 1121401188 / 1151400822,NAER清冊第14列；國審字第110016,https://textbooks.naer.edu.tw/DownLoadFile.aspx?ASParam=TUZIRSs3NSUyNjglMjQlN2QlMWIlMDR1eSUwZWdocCU3ZWZ3JTExd20lMWN1JTBiJTBjJTFiZm4lMDAlMTIlN2V3ZnQlMDMlMWVwJTBiJTBjJTA2JTFkJTFldg==,a2de4a4efa1ddbb45503e92d689e00e0b493e40d999b088c0f6c64164f4e5d52,official catalog metadata only; publisher full text not acquired,modern publisher textbook protected; metadata only,,volume and grade metadata only; no teaching sequence inferred,not reviewed at catalog layer,not reviewed at catalog layer,not copied or reviewed at catalog layer,not reviewed at catalog layer,reference candidate only; official curriculum remains scope authority,pending public-resource review,115學年度國民小學及國民中學審定本教科用書清冊
chinese,9,1,翰林出版事業股份有限公司,115學年度國民中學國文第5冊課本、習作,三版 / 1121400731 / 1151400931,NAER清冊第15列；國審字第110039,https://textbooks.naer.edu.tw/DownLoadFile.aspx?ASParam=TUZIRSs3NSUyNjglMjQlN2QlMWIlMDR1eSUwZWdocCU3ZWZ3JTExd20lMWN1JTBiJTBjJTFiZm4lMDAlMTIlN2V3ZnQlMDMlMWVwJTBiJTBjJTA2JTFkJTFldg==,a2de4a4efa1ddbb45503e92d689e00e0b493e40d999b088c0f6c64164f4e5d52,official catalog metadata only; publisher full text not acquired,modern publisher textbook protected; metadata only,,volume and grade metadata only; no teaching sequence inferred,not reviewed at catalog layer,not reviewed at catalog layer,not copied or reviewed at catalog layer,not reviewed at catalog layer,reference candidate only; official curriculum remains scope authority,pending public-resource review,115學年度國民小學及國民中學審定本教科用書清冊
chinese,9,2,南一書局企業股份有限公司,115學年度國民中學國文第6冊課本、習作,再版 / 1121402107,NAER清冊第16列；國審字第110081,https://textbooks.naer.edu.tw/DownLoadFile.aspx?ASParam=TUZIRSs3NSUyNjglMjQlN2QlMWIlMDR1eSUwZWdocCU3ZWZ3JTExd20lMWN1JTBiJTBjJTFiZm4lMDAlMTIlN2V3ZnQlMDMlMWVwJTBiJTBjJTA2JTFkJTFldg==,a2de4a4efa1ddbb45503e92d689e00e0b493e40d999b088c0f6c64164f4e5d52,official catalog metadata only; publisher full text not acquired,modern publisher textbook protected; metadata only,,volume and grade metadata only; no teaching sequence inferred,not reviewed at catalog layer,not reviewed at catalog layer,not copied or reviewed at catalog layer,not reviewed at catalog layer,reference candidate only; official curriculum remains scope authority,pending public-resource review,115學年度國民小學及國民中學審定本教科用書清冊
chinese,9,2,康軒文教事業股份有限公司,115學年度國民中學國文第6冊課本、習作,再版 / 1121402337,NAER清冊第17列；國審字第110073,https://textbooks.naer.edu.tw/DownLoadFile.aspx?ASParam=TUZIRSs3NSUyNjglMjQlN2QlMWIlMDR1eSUwZWdocCU3ZWZ3JTExd20lMWN1JTBiJTBjJTFiZm4lMDAlMTIlN2V3ZnQlMDMlMWVwJTBiJTBjJTA2JTFkJTFldg==,a2de4a4efa1ddbb45503e92d689e00e0b493e40d999b088c0f6c64164f4e5d52,official catalog metadata only; publisher full text not acquired,modern publisher textbook protected; metadata only,,volume and grade metadata only; no teaching sequence inferred,not reviewed at catalog layer,not reviewed at catalog layer,not copied or reviewed at catalog layer,not reviewed at catalog layer,reference candidate only; official curriculum remains scope authority,pending public-resource review,115學年度國民小學及國民中學審定本教科用書清冊
chinese,9,2,翰林出版事業股份有限公司,115學年度國民中學國文第6冊課本、習作,再版 / 1121402374,NAER清冊第18列；國審字第110090,https://textbooks.naer.edu.tw/DownLoadFile.aspx?ASParam=TUZIRSs3NSUyNjglMjQlN2QlMWIlMDR1eSUwZWdocCU3ZWZ3JTExd20lMWN1JTBiJTBjJTFiZm4lMDAlMTIlN2V3ZnQlMDMlMWVwJTBiJTBjJTA2JTFkJTFldg==,a2de4a4efa1ddbb45503e92d689e00e0b493e40d999b088c0f6c64164f4e5d52,official catalog metadata only; publisher full text not acquired,modern publisher textbook protected; metadata only,,volume and grade metadata only; no teaching sequence inferred,not reviewed at catalog layer,not reviewed at catalog layer,not copied or reviewed at catalog layer,not reviewed at catalog layer,reference candidate only; official curriculum remains scope authority,pending public-resource review,115學年度國民小學及國民中學審定本教科用書清冊
english,7,1,佳音事業股份有限公司,115學年度國民中學英語第1冊課本、習作,三版 / 1101400476 / 1131401160,NAER清冊第19列；國審字第108011,https://textbooks.naer.edu.tw/DownLoadFile.aspx?ASParam=TUZIRSs3NSUyNjglMjQlN2QlMWIlMDR1eSUwZWdocCU3ZWZ3JTExd20lMWN1JTBiJTBjJTFiZm4lMDAlMTIlN2V3ZnQlMDMlMWVwJTBiJTBjJTA2JTFkJTFldg==,a2de4a4efa1ddbb45503e92d689e00e0b493e40d999b088c0f6c64164f4e5d52,official catalog metadata only; publisher full text not acquired,modern publisher textbook protected; metadata only,,volume and grade metadata only; no teaching sequence inferred,not reviewed at catalog layer,not reviewed at catalog layer,not copied or reviewed at catalog layer,not reviewed at catalog layer,reference candidate only; official curriculum remains scope authority,pending public-resource review,115學年度國民小學及國民中學審定本教科用書清冊
english,7,1,南一書局企業股份有限公司,115學年度國民中學英語第1冊課本、習作,三版 / 1101400664 / 1131401297,NAER清冊第20列；國審字第108008,https://textbooks.naer.edu.tw/DownLoadFile.aspx?ASParam=TUZIRSs3NSUyNjglMjQlN2QlMWIlMDR1eSUwZWdocCU3ZWZ3JTExd20lMWN1JTBiJTBjJTFiZm4lMDAlMTIlN2V3ZnQlMDMlMWVwJTBiJTBjJTA2JTFkJTFldg==,a2de4a4efa1ddbb45503e92d689e00e0b493e40d999b088c0f6c64164f4e5d52,official catalog metadata only; publisher full text not acquired,modern publisher textbook protected; metadata only,,volume and grade metadata only; no teaching sequence inferred,not reviewed at catalog layer,not reviewed at catalog layer,not copied or reviewed at catalog layer,not reviewed at catalog layer,reference candidate only; official curriculum remains scope authority,pending public-resource review,115學年度國民小學及國民中學審定本教科用書清冊
english,7,1,康軒文教事業股份有限公司,115學年度國民中學英語第1冊課本、習作,三版 / 1101400507 / 1131401163,NAER清冊第21列；國審字第108010,https://textbooks.naer.edu.tw/DownLoadFile.aspx?ASParam=TUZIRSs3NSUyNjglMjQlN2QlMWIlMDR1eSUwZWdocCU3ZWZ3JTExd20lMWN1JTBiJTBjJTFiZm4lMDAlMTIlN2V3ZnQlMDMlMWVwJTBiJTBjJTA2JTFkJTFldg==,a2de4a4efa1ddbb45503e92d689e00e0b493e40d999b088c0f6c64164f4e5d52,official catalog metadata only; publisher full text not acquired,modern publisher textbook protected; metadata only,,volume and grade metadata only; no teaching sequence inferred,not reviewed at catalog layer,not reviewed at catalog layer,not copied or reviewed at catalog layer,not reviewed at catalog layer,reference candidate only; official curriculum remains scope authority,pending public-resource review,115學年度國民小學及國民中學審定本教科用書清冊
english,7,2,佳音事業股份有限公司,115學年度國民中學英語第2冊課本、習作,三版 / 1101401723 / 1131403036,NAER清冊第22列；國審字第108048,https://textbooks.naer.edu.tw/DownLoadFile.aspx?ASParam=TUZIRSs3NSUyNjglMjQlN2QlMWIlMDR1eSUwZWdocCU3ZWZ3JTExd20lMWN1JTBiJTBjJTFiZm4lMDAlMTIlN2V3ZnQlMDMlMWVwJTBiJTBjJTA2JTFkJTFldg==,a2de4a4efa1ddbb45503e92d689e00e0b493e40d999b088c0f6c64164f4e5d52,official catalog metadata only; publisher full text not acquired,modern publisher textbook protected; metadata only,,volume and grade metadata only; no teaching sequence inferred,not reviewed at catalog layer,not reviewed at catalog layer,not copied or reviewed at catalog layer,not reviewed at catalog layer,reference candidate only; official curriculum remains scope authority,pending public-resource review,115學年度國民小學及國民中學審定本教科用書清冊
english,7,2,南一書局企業股份有限公司,115學年度國民中學英語第2冊課本、習作,三版 / 1101401484 / 1131403006,NAER清冊第23列；國審字第108077,https://textbooks.naer.edu.tw/DownLoadFile.aspx?ASParam=TUZIRSs3NSUyNjglMjQlN2QlMWIlMDR1eSUwZWdocCU3ZWZ3JTExd20lMWN1JTBiJTBjJTFiZm4lMDAlMTIlN2V3ZnQlMDMlMWVwJTBiJTBjJTA2JTFkJTFldg==,a2de4a4efa1ddbb45503e92d689e00e0b493e40d999b088c0f6c64164f4e5d52,official catalog metadata only; publisher full text not acquired,modern publisher textbook protected; metadata only,,volume and grade metadata only; no teaching sequence inferred,not reviewed at catalog layer,not reviewed at catalog layer,not copied or reviewed at catalog layer,not reviewed at catalog layer,reference candidate only; official curriculum remains scope authority,pending public-resource review,115學年度國民小學及國民中學審定本教科用書清冊
english,7,2,康軒文教事業股份有限公司,115學年度國民中學英語第2冊課本、習作,三版 / 1101401644 / 1131403129,NAER清冊第24列；國審字第108055,https://textbooks.naer.edu.tw/DownLoadFile.aspx?ASParam=TUZIRSs3NSUyNjglMjQlN2QlMWIlMDR1eSUwZWdocCU3ZWZ3JTExd20lMWN1JTBiJTBjJTFiZm4lMDAlMTIlN2V3ZnQlMDMlMWVwJTBiJTBjJTA2JTFkJTFldg==,a2de4a4efa1ddbb45503e92d689e00e0b493e40d999b088c0f6c64164f4e5d52,official catalog metadata only; publisher full text not acquired,modern publisher textbook protected; metadata only,,volume and grade metadata only; no teaching sequence inferred,not reviewed at catalog layer,not reviewed at catalog layer,not copied or reviewed at catalog layer,not reviewed at catalog layer,reference candidate only; official curriculum remains scope authority,pending public-resource review,115學年度國民小學及國民中學審定本教科用書清冊
english,8,1,佳音事業股份有限公司,115學年度國民中學英語第3冊課本、習作,三版 / 1111400249 / 1141400561,NAER清冊第25列；國審字第109001,https://textbooks.naer.edu.tw/DownLoadFile.aspx?ASParam=TUZIRSs3NSUyNjglMjQlN2QlMWIlMDR1eSUwZWdocCU3ZWZ3JTExd20lMWN1JTBiJTBjJTFiZm4lMDAlMTIlN2V3ZnQlMDMlMWVwJTBiJTBjJTA2JTFkJTFldg==,a2de4a4efa1ddbb45503e92d689e00e0b493e40d999b088c0f6c64164f4e5d52,official catalog metadata only; publisher full text not acquired,modern publisher textbook protected; metadata only,,volume and grade metadata only; no teaching sequence inferred,not reviewed at catalog layer,not reviewed at catalog layer,not copied or reviewed at catalog layer,not reviewed at catalog layer,reference candidate only; official curriculum remains scope authority,pending public-resource review,115學年度國民小學及國民中學審定本教科用書清冊
english,8,1,南一書局企業股份有限公司,115學年度國民中學英語第3冊課本、習作,三版 / 1111400179 / 1141400837,NAER清冊第26列；國審字第109007,https://textbooks.naer.edu.tw/DownLoadFile.aspx?ASParam=TUZIRSs3NSUyNjglMjQlN2QlMWIlMDR1eSUwZWdocCU3ZWZ3JTExd20lMWN1JTBiJTBjJTFiZm4lMDAlMTIlN2V3ZnQlMDMlMWVwJTBiJTBjJTA2JTFkJTFldg==,a2de4a4efa1ddbb45503e92d689e00e0b493e40d999b088c0f6c64164f4e5d52,official catalog metadata only; publisher full text not acquired,modern publisher textbook protected; metadata only,,volume and grade metadata only; no teaching sequence inferred,not reviewed at catalog layer,not reviewed at catalog layer,not copied or reviewed at catalog layer,not reviewed at catalog layer,reference candidate only; official curriculum remains scope authority,pending public-resource review,115學年度國民小學及國民中學審定本教科用書清冊
english,8,1,康軒文教事業股份有限公司,115學年度國民中學英語第3冊課本、習作,三版 / 1111400234 / 1141400562,NAER清冊第27列；國審字第109004,https://textbooks.naer.edu.tw/DownLoadFile.aspx?ASParam=TUZIRSs3NSUyNjglMjQlN2QlMWIlMDR1eSUwZWdocCU3ZWZ3JTExd20lMWN1JTBiJTBjJTFiZm4lMDAlMTIlN2V3ZnQlMDMlMWVwJTBiJTBjJTA2JTFkJTFldg==,a2de4a4efa1ddbb45503e92d689e00e0b493e40d999b088c0f6c64164f4e5d52,official catalog metadata only; publisher full text not acquired,modern publisher textbook protected; metadata only,,volume and grade metadata only; no teaching sequence inferred,not reviewed at catalog layer,not reviewed at catalog layer,not copied or reviewed at catalog layer,not reviewed at catalog layer,reference candidate only; official curriculum remains scope authority,pending public-resource review,115學年度國民小學及國民中學審定本教科用書清冊
english,8,2,佳音事業股份有限公司,115學年度國民中學英語第4冊課本、習作,三版 / 1111400884 / 1141401746,NAER清冊第28列；國審字第109054,https://textbooks.naer.edu.tw/DownLoadFile.aspx?ASParam=TUZIRSs3NSUyNjglMjQlN2QlMWIlMDR1eSUwZWdocCU3ZWZ3JTExd20lMWN1JTBiJTBjJTFiZm4lMDAlMTIlN2V3ZnQlMDMlMWVwJTBiJTBjJTA2JTFkJTFldg==,a2de4a4efa1ddbb45503e92d689e00e0b493e40d999b088c0f6c64164f4e5d52,official catalog metadata only; publisher full text not acquired,modern publisher textbook protected; metadata only,,volume and grade metadata only; no teaching sequence inferred,not reviewed at catalog layer,not reviewed at catalog layer,not copied or reviewed at catalog layer,not reviewed at catalog layer,reference candidate only; official curriculum remains scope authority,pending public-resource review,115學年度國民小學及國民中學審定本教科用書清冊
english,8,2,南一書局企業股份有限公司,115學年度國民中學英語第4冊課本、習作,三版 / 1111400955 / 1141401946,NAER清冊第29列；國審字第109071,https://textbooks.naer.edu.tw/DownLoadFile.aspx?ASParam=TUZIRSs3NSUyNjglMjQlN2QlMWIlMDR1eSUwZWdocCU3ZWZ3JTExd20lMWN1JTBiJTBjJTFiZm4lMDAlMTIlN2V3ZnQlMDMlMWVwJTBiJTBjJTA2JTFkJTFldg==,a2de4a4efa1ddbb45503e92d689e00e0b493e40d999b088c0f6c64164f4e5d52,official catalog metadata only; publisher full text not acquired,modern publisher textbook protected; metadata only,,volume and grade metadata only; no teaching sequence inferred,not reviewed at catalog layer,not reviewed at catalog layer,not copied or reviewed at catalog layer,not reviewed at catalog layer,reference candidate only; official curriculum remains scope authority,pending public-resource review,115學年度國民小學及國民中學審定本教科用書清冊
english,8,2,康軒文教事業股份有限公司,"115學年度國民中學英語第4冊課本、習作第11頁,共18頁",三版 / 1111400857 / 1141402017,NAER清冊第30列；國審字第109076,https://textbooks.naer.edu.tw/DownLoadFile.aspx?ASParam=TUZIRSs3NSUyNjglMjQlN2QlMWIlMDR1eSUwZWdocCU3ZWZ3JTExd20lMWN1JTBiJTBjJTFiZm4lMDAlMTIlN2V3ZnQlMDMlMWVwJTBiJTBjJTA2JTFkJTFldg==,a2de4a4efa1ddbb45503e92d689e00e0b493e40d999b088c0f6c64164f4e5d52,official catalog metadata only; publisher full text not acquired,modern publisher textbook protected; metadata only,,volume and grade metadata only; no teaching sequence inferred,not reviewed at catalog layer,not reviewed at catalog layer,not copied or reviewed at catalog layer,not reviewed at catalog layer,reference candidate only; official curriculum remains scope authority,pending public-resource review,115學年度國民小學及國民中學審定本教科用書清冊
english,9,1,佳音事業股份有限公司,115學年度國民中學英語第5冊課本、習作,三版 / 1121400846 / 1151400812,NAER清冊第31列；國審字第110044,https://textbooks.naer.edu.tw/DownLoadFile.aspx?ASParam=TUZIRSs3NSUyNjglMjQlN2QlMWIlMDR1eSUwZWdocCU3ZWZ3JTExd20lMWN1JTBiJTBjJTFiZm4lMDAlMTIlN2V3ZnQlMDMlMWVwJTBiJTBjJTA2JTFkJTFldg==,a2de4a4efa1ddbb45503e92d689e00e0b493e40d999b088c0f6c64164f4e5d52,official catalog metadata only; publisher full text not acquired,modern publisher textbook protected; metadata only,,volume and grade metadata only; no teaching sequence inferred,not reviewed at catalog layer,not reviewed at catalog layer,not copied or reviewed at catalog layer,not reviewed at catalog layer,reference candidate only; official curriculum remains scope authority,pending public-resource review,115學年度國民小學及國民中學審定本教科用書清冊
english,9,1,南一書局企業股份有限公司,115學年度國民中學英語第5冊課本、習作,三版 / 1121401049 / 1151400794,NAER清冊第32列；國審字第110063,https://textbooks.naer.edu.tw/DownLoadFile.aspx?ASParam=TUZIRSs3NSUyNjglMjQlN2QlMWIlMDR1eSUwZWdocCU3ZWZ3JTExd20lMWN1JTBiJTBjJTFiZm4lMDAlMTIlN2V3ZnQlMDMlMWVwJTBiJTBjJTA2JTFkJTFldg==,a2de4a4efa1ddbb45503e92d689e00e0b493e40d999b088c0f6c64164f4e5d52,official catalog metadata only; publisher full text not acquired,modern publisher textbook protected; metadata only,,volume and grade metadata only; no teaching sequence inferred,not reviewed at catalog layer,not reviewed at catalog layer,not copied or reviewed at catalog layer,not reviewed at catalog layer,reference candidate only; official curriculum remains scope authority,pending public-resource review,115學年度國民小學及國民中學審定本教科用書清冊
english,9,1,康軒文教事業股份有限公司,115學年度國民中學英語第5冊課本、習作,三版 / 1121400539 / 1151400855,NAER清冊第33列；國審字第110049,https://textbooks.naer.edu.tw/DownLoadFile.aspx?ASParam=TUZIRSs3NSUyNjglMjQlN2QlMWIlMDR1eSUwZWdocCU3ZWZ3JTExd20lMWN1JTBiJTBjJTFiZm4lMDAlMTIlN2V3ZnQlMDMlMWVwJTBiJTBjJTA2JTFkJTFldg==,a2de4a4efa1ddbb45503e92d689e00e0b493e40d999b088c0f6c64164f4e5d52,official catalog metadata only; publisher full text not acquired,modern publisher textbook protected; metadata only,,volume and grade metadata only; no teaching sequence inferred,not reviewed at catalog layer,not reviewed at catalog layer,not copied or reviewed at catalog layer,not reviewed at catalog layer,reference candidate only; official curriculum remains scope authority,pending public-resource review,115學年度國民小學及國民中學審定本教科用書清冊
english,9,2,佳音事業股份有限公司,115學年度國民中學英語第6冊課本、習作,再版 / 1121402229,NAER清冊第34列；國審字第110076,https://textbooks.naer.edu.tw/DownLoadFile.aspx?ASParam=TUZIRSs3NSUyNjglMjQlN2QlMWIlMDR1eSUwZWdocCU3ZWZ3JTExd20lMWN1JTBiJTBjJTFiZm4lMDAlMTIlN2V3ZnQlMDMlMWVwJTBiJTBjJTA2JTFkJTFldg==,a2de4a4efa1ddbb45503e92d689e00e0b493e40d999b088c0f6c64164f4e5d52,official catalog metadata only; publisher full text not acquired,modern publisher textbook protected; metadata only,,volume and grade metadata only; no teaching sequence inferred,not reviewed at catalog layer,not reviewed at catalog layer,not copied or reviewed at catalog layer,not reviewed at catalog layer,reference candidate only; official curriculum remains scope authority,pending public-resource review,115學年度國民小學及國民中學審定本教科用書清冊
english,9,2,南一書局企業股份有限公司,115學年度國民中學英語第6冊課本、習作,再版 / 1121402857,NAER清冊第35列；國審字第110097,https://textbooks.naer.edu.tw/DownLoadFile.aspx?ASParam=TUZIRSs3NSUyNjglMjQlN2QlMWIlMDR1eSUwZWdocCU3ZWZ3JTExd20lMWN1JTBiJTBjJTFiZm4lMDAlMTIlN2V3ZnQlMDMlMWVwJTBiJTBjJTA2JTFkJTFldg==,a2de4a4efa1ddbb45503e92d689e00e0b493e40d999b088c0f6c64164f4e5d52,official catalog metadata only; publisher full text not acquired,modern publisher textbook protected; metadata only,,volume and grade metadata only; no teaching sequence inferred,not reviewed at catalog layer,not reviewed at catalog layer,not copied or reviewed at catalog layer,not reviewed at catalog layer,reference candidate only; official curriculum remains scope authority,pending public-resource review,115學年度國民小學及國民中學審定本教科用書清冊
english,9,2,康軒文教事業股份有限公司,115學年度國民中學英語第6冊課本、習作,再版 / 1121402726,NAER清冊第36列；國審字第110088,https://textbooks.naer.edu.tw/DownLoadFile.aspx?ASParam=TUZIRSs3NSUyNjglMjQlN2QlMWIlMDR1eSUwZWdocCU3ZWZ3JTExd20lMWN1JTBiJTBjJTFiZm4lMDAlMTIlN2V3ZnQlMDMlMWVwJTBiJTBjJTA2JTFkJTFldg==,a2de4a4efa1ddbb45503e92d689e00e0b493e40d999b088c0f6c64164f4e5d52,official catalog metadata only; publisher full text not acquired,modern publisher textbook protected; metadata only,,volume and grade metadata only; no teaching sequence inferred,not reviewed at catalog layer,not reviewed at catalog layer,not copied or reviewed at catalog layer,not reviewed at catalog layer,reference candidate only; official curriculum remains scope authority,pending public-resource review,115學年度國民小學及國民中學審定本教科用書清冊
math,7,1,南一書局企業股份有限公司,115學年度國民中學數學第1冊課本、習作,三版 / 1101400401 / 1131400637,NAER清冊第67列；國審字第108013,https://textbooks.naer.edu.tw/DownLoadFile.aspx?ASParam=TUZIRSs3NSUyNjglMjQlN2QlMWIlMDR1eSUwZWdocCU3ZWZ3JTExd20lMWN1JTBiJTBjJTFiZm4lMDAlMTIlN2V3ZnQlMDMlMWVwJTBiJTBjJTA2JTFkJTFldg==,a2de4a4efa1ddbb45503e92d689e00e0b493e40d999b088c0f6c64164f4e5d52,official catalog metadata only; publisher full text not acquired,modern publisher textbook protected; metadata only,,volume and grade metadata only; no teaching sequence inferred,not reviewed at catalog layer,not reviewed at catalog layer,not copied or reviewed at catalog layer,not reviewed at catalog layer,reference candidate only; official curriculum remains scope authority,pending public-resource review,115學年度國民小學及國民中學審定本教科用書清冊
math,7,1,康軒文教事業股份有限公司,115學年度國民中學數學第1冊課本、習作,三版 / 1101400383 / 1131400897,NAER清冊第68列；國審字第108016,https://textbooks.naer.edu.tw/DownLoadFile.aspx?ASParam=TUZIRSs3NSUyNjglMjQlN2QlMWIlMDR1eSUwZWdocCU3ZWZ3JTExd20lMWN1JTBiJTBjJTFiZm4lMDAlMTIlN2V3ZnQlMDMlMWVwJTBiJTBjJTA2JTFkJTFldg==,a2de4a4efa1ddbb45503e92d689e00e0b493e40d999b088c0f6c64164f4e5d52,official catalog metadata only; publisher full text not acquired,modern publisher textbook protected; metadata only,,volume and grade metadata only; no teaching sequence inferred,not reviewed at catalog layer,not reviewed at catalog layer,not copied or reviewed at catalog layer,not reviewed at catalog layer,reference candidate only; official curriculum remains scope authority,pending public-resource review,115學年度國民小學及國民中學審定本教科用書清冊
math,7,1,翰林出版事業股份有限公司,115學年度國民中學數學第1冊課本、習作,三版 / 1101400526 / 1131400707,NAER清冊第69列；國審字第108012,https://textbooks.naer.edu.tw/DownLoadFile.aspx?ASParam=TUZIRSs3NSUyNjglMjQlN2QlMWIlMDR1eSUwZWdocCU3ZWZ3JTExd20lMWN1JTBiJTBjJTFiZm4lMDAlMTIlN2V3ZnQlMDMlMWVwJTBiJTBjJTA2JTFkJTFldg==,a2de4a4efa1ddbb45503e92d689e00e0b493e40d999b088c0f6c64164f4e5d52,official catalog metadata only; publisher full text not acquired,modern publisher textbook protected; metadata only,,volume and grade metadata only; no teaching sequence inferred,not reviewed at catalog layer,not reviewed at catalog layer,not copied or reviewed at catalog layer,not reviewed at catalog layer,reference candidate only; official curriculum remains scope authority,pending public-resource review,115學年度國民小學及國民中學審定本教科用書清冊
math,7,2,南一書局企業股份有限公司,115學年度國民中學數學第2冊課本、習作,三版 / 1101401718 / 1131402663,NAER清冊第70列；國審字第108080,https://textbooks.naer.edu.tw/DownLoadFile.aspx?ASParam=TUZIRSs3NSUyNjglMjQlN2QlMWIlMDR1eSUwZWdocCU3ZWZ3JTExd20lMWN1JTBiJTBjJTFiZm4lMDAlMTIlN2V3ZnQlMDMlMWVwJTBiJTBjJTA2JTFkJTFldg==,a2de4a4efa1ddbb45503e92d689e00e0b493e40d999b088c0f6c64164f4e5d52,official catalog metadata only; publisher full text not acquired,modern publisher textbook protected; metadata only,,volume and grade metadata only; no teaching sequence inferred,not reviewed at catalog layer,not reviewed at catalog layer,not copied or reviewed at catalog layer,not reviewed at catalog layer,reference candidate only; official curriculum remains scope authority,pending public-resource review,115學年度國民小學及國民中學審定本教科用書清冊
math,7,2,康軒文教事業股份有限公司,115學年度國民中學數學第2冊課本、習作,三版 / 1101401358 / 1131402616,NAER清冊第71列；國審字第108061,https://textbooks.naer.edu.tw/DownLoadFile.aspx?ASParam=TUZIRSs3NSUyNjglMjQlN2QlMWIlMDR1eSUwZWdocCU3ZWZ3JTExd20lMWN1JTBiJTBjJTFiZm4lMDAlMTIlN2V3ZnQlMDMlMWVwJTBiJTBjJTA2JTFkJTFldg==,a2de4a4efa1ddbb45503e92d689e00e0b493e40d999b088c0f6c64164f4e5d52,official catalog metadata only; publisher full text not acquired,modern publisher textbook protected; metadata only,,volume and grade metadata only; no teaching sequence inferred,not reviewed at catalog layer,not reviewed at catalog layer,not copied or reviewed at catalog layer,not reviewed at catalog layer,reference candidate only; official curriculum remains scope authority,pending public-resource review,115學年度國民小學及國民中學審定本教科用書清冊
math,7,2,翰林出版事業股份有限公司,115學年度國民中學數學第2冊課本、習作,三版 / 1101401179 / 1131402379,NAER清冊第72列；國審字第108060,https://textbooks.naer.edu.tw/DownLoadFile.aspx?ASParam=TUZIRSs3NSUyNjglMjQlN2QlMWIlMDR1eSUwZWdocCU3ZWZ3JTExd20lMWN1JTBiJTBjJTFiZm4lMDAlMTIlN2V3ZnQlMDMlMWVwJTBiJTBjJTA2JTFkJTFldg==,a2de4a4efa1ddbb45503e92d689e00e0b493e40d999b088c0f6c64164f4e5d52,official catalog metadata only; publisher full text not acquired,modern publisher textbook protected; metadata only,,volume and grade metadata only; no teaching sequence inferred,not reviewed at catalog layer,not reviewed at catalog layer,not copied or reviewed at catalog layer,not reviewed at catalog layer,reference candidate only; official curriculum remains scope authority,pending public-resource review,115學年度國民小學及國民中學審定本教科用書清冊
math,8,1,南一書局企業股份有限公司,115學年度國民中學數學第3冊課本、習作,三版 / 1111400122 / 1141400394,NAER清冊第73列；國審字第109019,https://textbooks.naer.edu.tw/DownLoadFile.aspx?ASParam=TUZIRSs3NSUyNjglMjQlN2QlMWIlMDR1eSUwZWdocCU3ZWZ3JTExd20lMWN1JTBiJTBjJTFiZm4lMDAlMTIlN2V3ZnQlMDMlMWVwJTBiJTBjJTA2JTFkJTFldg==,a2de4a4efa1ddbb45503e92d689e00e0b493e40d999b088c0f6c64164f4e5d52,official catalog metadata only; publisher full text not acquired,modern publisher textbook protected; metadata only,,volume and grade metadata only; no teaching sequence inferred,not reviewed at catalog layer,not reviewed at catalog layer,not copied or reviewed at catalog layer,not reviewed at catalog layer,reference candidate only; official curriculum remains scope authority,pending public-resource review,115學年度國民小學及國民中學審定本教科用書清冊
math,8,1,康軒文教事業股份有限公司,115學年度國民中學數學第3冊課本、習作,三版 / 1111400136 / 1141400624,NAER清冊第74列；國審字第109028,https://textbooks.naer.edu.tw/DownLoadFile.aspx?ASParam=TUZIRSs3NSUyNjglMjQlN2QlMWIlMDR1eSUwZWdocCU3ZWZ3JTExd20lMWN1JTBiJTBjJTFiZm4lMDAlMTIlN2V3ZnQlMDMlMWVwJTBiJTBjJTA2JTFkJTFldg==,a2de4a4efa1ddbb45503e92d689e00e0b493e40d999b088c0f6c64164f4e5d52,official catalog metadata only; publisher full text not acquired,modern publisher textbook protected; metadata only,,volume and grade metadata only; no teaching sequence inferred,not reviewed at catalog layer,not reviewed at catalog layer,not copied or reviewed at catalog layer,not reviewed at catalog layer,reference candidate only; official curriculum remains scope authority,pending public-resource review,115學年度國民小學及國民中學審定本教科用書清冊
math,8,1,翰林出版事業股份有限公司,115學年度國民中學數學第3冊課本、習作,三版 / 1111400169 / 1141400625,NAER清冊第75列；國審字第109016,https://textbooks.naer.edu.tw/DownLoadFile.aspx?ASParam=TUZIRSs3NSUyNjglMjQlN2QlMWIlMDR1eSUwZWdocCU3ZWZ3JTExd20lMWN1JTBiJTBjJTFiZm4lMDAlMTIlN2V3ZnQlMDMlMWVwJTBiJTBjJTA2JTFkJTFldg==,a2de4a4efa1ddbb45503e92d689e00e0b493e40d999b088c0f6c64164f4e5d52,official catalog metadata only; publisher full text not acquired,modern publisher textbook protected; metadata only,,volume and grade metadata only; no teaching sequence inferred,not reviewed at catalog layer,not reviewed at catalog layer,not copied or reviewed at catalog layer,not reviewed at catalog layer,reference candidate only; official curriculum remains scope authority,pending public-resource review,115學年度國民小學及國民中學審定本教科用書清冊
math,8,2,南一書局企業股份有限公司,115學年度國民中學數學第4冊課本、習作,三版 / 1111400614 / 1141402015,NAER清冊第76列；國審字第109072,https://textbooks.naer.edu.tw/DownLoadFile.aspx?ASParam=TUZIRSs3NSUyNjglMjQlN2QlMWIlMDR1eSUwZWdocCU3ZWZ3JTExd20lMWN1JTBiJTBjJTFiZm4lMDAlMTIlN2V3ZnQlMDMlMWVwJTBiJTBjJTA2JTFkJTFldg==,a2de4a4efa1ddbb45503e92d689e00e0b493e40d999b088c0f6c64164f4e5d52,official catalog metadata only; publisher full text not acquired,modern publisher textbook protected; metadata only,,volume and grade metadata only; no teaching sequence inferred,not reviewed at catalog layer,not reviewed at catalog layer,not copied or reviewed at catalog layer,not reviewed at catalog layer,reference candidate only; official curriculum remains scope authority,pending public-resource review,115學年度國民小學及國民中學審定本教科用書清冊
math,8,2,康軒文教事業股份有限公司,115學年度國民中學數學第4冊課本、習作,三版 / 1111400796 / 1141402044,NAER清冊第77列；國審字第109053,https://textbooks.naer.edu.tw/DownLoadFile.aspx?ASParam=TUZIRSs3NSUyNjglMjQlN2QlMWIlMDR1eSUwZWdocCU3ZWZ3JTExd20lMWN1JTBiJTBjJTFiZm4lMDAlMTIlN2V3ZnQlMDMlMWVwJTBiJTBjJTA2JTFkJTFldg==,a2de4a4efa1ddbb45503e92d689e00e0b493e40d999b088c0f6c64164f4e5d52,official catalog metadata only; publisher full text not acquired,modern publisher textbook protected; metadata only,,volume and grade metadata only; no teaching sequence inferred,not reviewed at catalog layer,not reviewed at catalog layer,not copied or reviewed at catalog layer,not reviewed at catalog layer,reference candidate only; official curriculum remains scope authority,pending public-resource review,115學年度國民小學及國民中學審定本教科用書清冊
math,8,2,翰林出版事業股份有限公司,115學年度國民中學數學第4冊課本、習作,三版 / 1111400680 / 1141401985,NAER清冊第78列；國審字第109047,https://textbooks.naer.edu.tw/DownLoadFile.aspx?ASParam=TUZIRSs3NSUyNjglMjQlN2QlMWIlMDR1eSUwZWdocCU3ZWZ3JTExd20lMWN1JTBiJTBjJTFiZm4lMDAlMTIlN2V3ZnQlMDMlMWVwJTBiJTBjJTA2JTFkJTFldg==,a2de4a4efa1ddbb45503e92d689e00e0b493e40d999b088c0f6c64164f4e5d52,official catalog metadata only; publisher full text not acquired,modern publisher textbook protected; metadata only,,volume and grade metadata only; no teaching sequence inferred,not reviewed at catalog layer,not reviewed at catalog layer,not copied or reviewed at catalog layer,not reviewed at catalog layer,reference candidate only; official curriculum remains scope authority,pending public-resource review,115學年度國民小學及國民中學審定本教科用書清冊
math,9,1,南一書局企業股份有限公司,115學年度國民中學數學第5冊課本、習作,三版 / 1121400338 / 1151400668,NAER清冊第79列；國審字第110058,https://textbooks.naer.edu.tw/DownLoadFile.aspx?ASParam=TUZIRSs3NSUyNjglMjQlN2QlMWIlMDR1eSUwZWdocCU3ZWZ3JTExd20lMWN1JTBiJTBjJTFiZm4lMDAlMTIlN2V3ZnQlMDMlMWVwJTBiJTBjJTA2JTFkJTFldg==,a2de4a4efa1ddbb45503e92d689e00e0b493e40d999b088c0f6c64164f4e5d52,official catalog metadata only; publisher full text not acquired,modern publisher textbook protected; metadata only,,volume and grade metadata only; no teaching sequence inferred,not reviewed at catalog layer,not reviewed at catalog layer,not copied or reviewed at catalog layer,not reviewed at catalog layer,reference candidate only; official curriculum remains scope authority,pending public-resource review,115學年度國民小學及國民中學審定本教科用書清冊
math,9,1,康軒文教事業股份有限公司,115學年度國民中學數學第5冊課本、習作,三版 / 1121400203 / 1151400605,NAER清冊第80列；國審字第110056,https://textbooks.naer.edu.tw/DownLoadFile.aspx?ASParam=TUZIRSs3NSUyNjglMjQlN2QlMWIlMDR1eSUwZWdocCU3ZWZ3JTExd20lMWN1JTBiJTBjJTFiZm4lMDAlMTIlN2V3ZnQlMDMlMWVwJTBiJTBjJTA2JTFkJTFldg==,a2de4a4efa1ddbb45503e92d689e00e0b493e40d999b088c0f6c64164f4e5d52,official catalog metadata only; publisher full text not acquired,modern publisher textbook protected; metadata only,,volume and grade metadata only; no teaching sequence inferred,not reviewed at catalog layer,not reviewed at catalog layer,not copied or reviewed at catalog layer,not reviewed at catalog layer,reference candidate only; official curriculum remains scope authority,pending public-resource review,115學年度國民小學及國民中學審定本教科用書清冊
math,9,1,翰林出版事業股份有限公司,115學年度國民中學數學第5冊課本、習作,三版 / 1121400431 / 1151400625,NAER清冊第81列；國審字第110057,https://textbooks.naer.edu.tw/DownLoadFile.aspx?ASParam=TUZIRSs3NSUyNjglMjQlN2QlMWIlMDR1eSUwZWdocCU3ZWZ3JTExd20lMWN1JTBiJTBjJTFiZm4lMDAlMTIlN2V3ZnQlMDMlMWVwJTBiJTBjJTA2JTFkJTFldg==,a2de4a4efa1ddbb45503e92d689e00e0b493e40d999b088c0f6c64164f4e5d52,official catalog metadata only; publisher full text not acquired,modern publisher textbook protected; metadata only,,volume and grade metadata only; no teaching sequence inferred,not reviewed at catalog layer,not reviewed at catalog layer,not copied or reviewed at catalog layer,not reviewed at catalog layer,reference candidate only; official curriculum remains scope authority,pending public-resource review,115學年度國民小學及國民中學審定本教科用書清冊
math,9,2,南一書局企業股份有限公司,115學年度國民中學數學第6冊課本、習作,再版 / 1121401826,NAER清冊第82列；國審字第110089,https://textbooks.naer.edu.tw/DownLoadFile.aspx?ASParam=TUZIRSs3NSUyNjglMjQlN2QlMWIlMDR1eSUwZWdocCU3ZWZ3JTExd20lMWN1JTBiJTBjJTFiZm4lMDAlMTIlN2V3ZnQlMDMlMWVwJTBiJTBjJTA2JTFkJTFldg==,a2de4a4efa1ddbb45503e92d689e00e0b493e40d999b088c0f6c64164f4e5d52,official catalog metadata only; publisher full text not acquired,modern publisher textbook protected; metadata only,,volume and grade metadata only; no teaching sequence inferred,not reviewed at catalog layer,not reviewed at catalog layer,not copied or reviewed at catalog layer,not reviewed at catalog layer,reference candidate only; official curriculum remains scope authority,pending public-resource review,115學年度國民小學及國民中學審定本教科用書清冊
math,9,2,康軒文教事業股份有限公司,115學年度國民中學數學第6冊課本、習作,再版 / 1121401968,NAER清冊第83列；國審字第110087,https://textbooks.naer.edu.tw/DownLoadFile.aspx?ASParam=TUZIRSs3NSUyNjglMjQlN2QlMWIlMDR1eSUwZWdocCU3ZWZ3JTExd20lMWN1JTBiJTBjJTFiZm4lMDAlMTIlN2V3ZnQlMDMlMWVwJTBiJTBjJTA2JTFkJTFldg==,a2de4a4efa1ddbb45503e92d689e00e0b493e40d999b088c0f6c64164f4e5d52,official catalog metadata only; publisher full text not acquired,modern publisher textbook protected; metadata only,,volume and grade metadata only; no teaching sequence inferred,not reviewed at catalog layer,not reviewed at catalog layer,not copied or reviewed at catalog layer,not reviewed at catalog layer,reference candidate only; official curriculum remains scope authority,pending public-resource review,115學年度國民小學及國民中學審定本教科用書清冊
math,9,2,翰林出版事業股份有限公司,115學年度國民中學數學第6冊課本、習作,再版 / 1121401894,NAER清冊第84列；國審字第110092,https://textbooks.naer.edu.tw/DownLoadFile.aspx?ASParam=TUZIRSs3NSUyNjglMjQlN2QlMWIlMDR1eSUwZWdocCU3ZWZ3JTExd20lMWN1JTBiJTBjJTFiZm4lMDAlMTIlN2V3ZnQlMDMlMWVwJTBiJTBjJTA2JTFkJTFldg==,a2de4a4efa1ddbb45503e92d689e00e0b493e40d999b088c0f6c64164f4e5d52,official catalog metadata only; publisher full text not acquired,modern publisher textbook protected; metadata only,,volume and grade metadata only; no teaching sequence inferred,not reviewed at catalog layer,not reviewed at catalog layer,not copied or reviewed at catalog layer,not reviewed at catalog layer,reference candidate only; official curriculum remains scope authority,pending public-resource review,115學年度國民小學及國民中學審定本教科用書清冊
integrated_social,7,1,南一書局企業股份有限公司,115學年度國民中學社會第1冊課本、習作,再版 / 1101400801,NAER清冊第85列；國審字第108033,https://textbooks.naer.edu.tw/DownLoadFile.aspx?ASParam=TUZIRSs3NSUyNjglMjQlN2QlMWIlMDR1eSUwZWdocCU3ZWZ3JTExd20lMWN1JTBiJTBjJTFiZm4lMDAlMTIlN2V3ZnQlMDMlMWVwJTBiJTBjJTA2JTFkJTFldg==,a2de4a4efa1ddbb45503e92d689e00e0b493e40d999b088c0f6c64164f4e5d52,official catalog metadata only; publisher full text not acquired,modern publisher textbook protected; metadata only,,volume and grade metadata only; no teaching sequence inferred,not reviewed at catalog layer,not reviewed at catalog layer,not copied or reviewed at catalog layer,not reviewed at catalog layer,reference candidate only; official curriculum remains scope authority,pending public-resource review,115學年度國民小學及國民中學審定本教科用書清冊
integrated_social,7,1,南億興業股份有限公司,115學年度國民中學社會第1冊課本、習作,初版,NAER清冊第86列；國審字第113034,https://textbooks.naer.edu.tw/DownLoadFile.aspx?ASParam=TUZIRSs3NSUyNjglMjQlN2QlMWIlMDR1eSUwZWdocCU3ZWZ3JTExd20lMWN1JTBiJTBjJTFiZm4lMDAlMTIlN2V3ZnQlMDMlMWVwJTBiJTBjJTA2JTFkJTFldg==,a2de4a4efa1ddbb45503e92d689e00e0b493e40d999b088c0f6c64164f4e5d52,official catalog metadata only; publisher full text not acquired,modern publisher textbook protected; metadata only,,volume and grade metadata only; no teaching sequence inferred,not reviewed at catalog layer,not reviewed at catalog layer,not copied or reviewed at catalog layer,not reviewed at catalog layer,reference candidate only; official curriculum remains scope authority,pending public-resource review,115學年度國民小學及國民中學審定本教科用書清冊
integrated_social,7,1,康軒文教事業股份有限公司,115學年度國民中學社會第1冊課本、習作,三版 / 1101400768 / 1131401361,NAER清冊第87列；國審字第108031,https://textbooks.naer.edu.tw/DownLoadFile.aspx?ASParam=TUZIRSs3NSUyNjglMjQlN2QlMWIlMDR1eSUwZWdocCU3ZWZ3JTExd20lMWN1JTBiJTBjJTFiZm4lMDAlMTIlN2V3ZnQlMDMlMWVwJTBiJTBjJTA2JTFkJTFldg==,a2de4a4efa1ddbb45503e92d689e00e0b493e40d999b088c0f6c64164f4e5d52,official catalog metadata only; publisher full text not acquired,modern publisher textbook protected; metadata only,,volume and grade metadata only; no teaching sequence inferred,not reviewed at catalog layer,not reviewed at catalog layer,not copied or reviewed at catalog layer,not reviewed at catalog layer,reference candidate only; official curriculum remains scope authority,pending public-resource review,115學年度國民小學及國民中學審定本教科用書清冊
integrated_social,7,1,翰林出版事業股份有限公司,115學年度國民中學社會第1冊課本、習作,三版 / 1101400732 / 1131401362,NAER清冊第88列；國審字第108032,https://textbooks.naer.edu.tw/DownLoadFile.aspx?ASParam=TUZIRSs3NSUyNjglMjQlN2QlMWIlMDR1eSUwZWdocCU3ZWZ3JTExd20lMWN1JTBiJTBjJTFiZm4lMDAlMTIlN2V3ZnQlMDMlMWVwJTBiJTBjJTA2JTFkJTFldg==,a2de4a4efa1ddbb45503e92d689e00e0b493e40d999b088c0f6c64164f4e5d52,official catalog metadata only; publisher full text not acquired,modern publisher textbook protected; metadata only,,volume and grade metadata only; no teaching sequence inferred,not reviewed at catalog layer,not reviewed at catalog layer,not copied or reviewed at catalog layer,not reviewed at catalog layer,reference candidate only; official curriculum remains scope authority,pending public-resource review,115學年度國民小學及國民中學審定本教科用書清冊
integrated_social,7,2,南一書局企業股份有限公司,115學年度國民中學社會第2冊課本、習作,再版 / 1101401629,NAER清冊第89列；國審字第108079,https://textbooks.naer.edu.tw/DownLoadFile.aspx?ASParam=TUZIRSs3NSUyNjglMjQlN2QlMWIlMDR1eSUwZWdocCU3ZWZ3JTExd20lMWN1JTBiJTBjJTFiZm4lMDAlMTIlN2V3ZnQlMDMlMWVwJTBiJTBjJTA2JTFkJTFldg==,a2de4a4efa1ddbb45503e92d689e00e0b493e40d999b088c0f6c64164f4e5d52,official catalog metadata only; publisher full text not acquired,modern publisher textbook protected; metadata only,,volume and grade metadata only; no teaching sequence inferred,not reviewed at catalog layer,not reviewed at catalog layer,not copied or reviewed at catalog layer,not reviewed at catalog layer,reference candidate only; official curriculum remains scope authority,pending public-resource review,115學年度國民小學及國民中學審定本教科用書清冊
integrated_social,7,2,南億興業股份有限公司,"115學年度國民中學社會第2冊課本、習作第13頁,共18頁",初版,NAER清冊第90列；國審字第113048,https://textbooks.naer.edu.tw/DownLoadFile.aspx?ASParam=TUZIRSs3NSUyNjglMjQlN2QlMWIlMDR1eSUwZWdocCU3ZWZ3JTExd20lMWN1JTBiJTBjJTFiZm4lMDAlMTIlN2V3ZnQlMDMlMWVwJTBiJTBjJTA2JTFkJTFldg==,a2de4a4efa1ddbb45503e92d689e00e0b493e40d999b088c0f6c64164f4e5d52,official catalog metadata only; publisher full text not acquired,modern publisher textbook protected; metadata only,,volume and grade metadata only; no teaching sequence inferred,not reviewed at catalog layer,not reviewed at catalog layer,not copied or reviewed at catalog layer,not reviewed at catalog layer,reference candidate only; official curriculum remains scope authority,pending public-resource review,115學年度國民小學及國民中學審定本教科用書清冊
integrated_social,7,2,康軒文教事業股份有限公司,115學年度國民中學社會第2冊課本、習作,三版 / 1101401692 / 1131402990,NAER清冊第91列；國審字第108069,https://textbooks.naer.edu.tw/DownLoadFile.aspx?ASParam=TUZIRSs3NSUyNjglMjQlN2QlMWIlMDR1eSUwZWdocCU3ZWZ3JTExd20lMWN1JTBiJTBjJTFiZm4lMDAlMTIlN2V3ZnQlMDMlMWVwJTBiJTBjJTA2JTFkJTFldg==,a2de4a4efa1ddbb45503e92d689e00e0b493e40d999b088c0f6c64164f4e5d52,official catalog metadata only; publisher full text not acquired,modern publisher textbook protected; metadata only,,volume and grade metadata only; no teaching sequence inferred,not reviewed at catalog layer,not reviewed at catalog layer,not copied or reviewed at catalog layer,not reviewed at catalog layer,reference candidate only; official curriculum remains scope authority,pending public-resource review,115學年度國民小學及國民中學審定本教科用書清冊
integrated_social,7,2,翰林出版事業股份有限公司,115學年度國民中學社會第2冊課本、習作,三版 / 1101401610 / 1131402901,NAER清冊第92列；國審字第108065,https://textbooks.naer.edu.tw/DownLoadFile.aspx?ASParam=TUZIRSs3NSUyNjglMjQlN2QlMWIlMDR1eSUwZWdocCU3ZWZ3JTExd20lMWN1JTBiJTBjJTFiZm4lMDAlMTIlN2V3ZnQlMDMlMWVwJTBiJTBjJTA2JTFkJTFldg==,a2de4a4efa1ddbb45503e92d689e00e0b493e40d999b088c0f6c64164f4e5d52,official catalog metadata only; publisher full text not acquired,modern publisher textbook protected; metadata only,,volume and grade metadata only; no teaching sequence inferred,not reviewed at catalog layer,not reviewed at catalog layer,not copied or reviewed at catalog layer,not reviewed at catalog layer,reference candidate only; official curriculum remains scope authority,pending public-resource review,115學年度國民小學及國民中學審定本教科用書清冊
integrated_social,8,1,南一書局企業股份有限公司,115學年度國民中學社會第3冊課本、習作,再版 / 1111400326,NAER清冊第93列；國審字第109034,https://textbooks.naer.edu.tw/DownLoadFile.aspx?ASParam=TUZIRSs3NSUyNjglMjQlN2QlMWIlMDR1eSUwZWdocCU3ZWZ3JTExd20lMWN1JTBiJTBjJTFiZm4lMDAlMTIlN2V3ZnQlMDMlMWVwJTBiJTBjJTA2JTFkJTFldg==,a2de4a4efa1ddbb45503e92d689e00e0b493e40d999b088c0f6c64164f4e5d52,official catalog metadata only; publisher full text not acquired,modern publisher textbook protected; metadata only,,volume and grade metadata only; no teaching sequence inferred,not reviewed at catalog layer,not reviewed at catalog layer,not copied or reviewed at catalog layer,not reviewed at catalog layer,reference candidate only; official curriculum remains scope authority,pending public-resource review,115學年度國民小學及國民中學審定本教科用書清冊
integrated_social,8,1,南億興業股份有限公司,115學年度國民中學社會第3冊課本、習作,初版,NAER清冊第94列；國審字第114001,https://textbooks.naer.edu.tw/DownLoadFile.aspx?ASParam=TUZIRSs3NSUyNjglMjQlN2QlMWIlMDR1eSUwZWdocCU3ZWZ3JTExd20lMWN1JTBiJTBjJTFiZm4lMDAlMTIlN2V3ZnQlMDMlMWVwJTBiJTBjJTA2JTFkJTFldg==,a2de4a4efa1ddbb45503e92d689e00e0b493e40d999b088c0f6c64164f4e5d52,official catalog metadata only; publisher full text not acquired,modern publisher textbook protected; metadata only,,volume and grade metadata only; no teaching sequence inferred,not reviewed at catalog layer,not reviewed at catalog layer,not copied or reviewed at catalog layer,not reviewed at catalog layer,reference candidate only; official curriculum remains scope authority,pending public-resource review,115學年度國民小學及國民中學審定本教科用書清冊
integrated_social,8,1,康軒文教事業股份有限公司,115學年度國民中學社會第3冊課本、習作,三版 / 1111400418 / 1141400951,NAER清冊第95列；國審字第109033,https://textbooks.naer.edu.tw/DownLoadFile.aspx?ASParam=TUZIRSs3NSUyNjglMjQlN2QlMWIlMDR1eSUwZWdocCU3ZWZ3JTExd20lMWN1JTBiJTBjJTFiZm4lMDAlMTIlN2V3ZnQlMDMlMWVwJTBiJTBjJTA2JTFkJTFldg==,a2de4a4efa1ddbb45503e92d689e00e0b493e40d999b088c0f6c64164f4e5d52,official catalog metadata only; publisher full text not acquired,modern publisher textbook protected; metadata only,,volume and grade metadata only; no teaching sequence inferred,not reviewed at catalog layer,not reviewed at catalog layer,not copied or reviewed at catalog layer,not reviewed at catalog layer,reference candidate only; official curriculum remains scope authority,pending public-resource review,115學年度國民小學及國民中學審定本教科用書清冊
integrated_social,8,1,翰林出版事業股份有限公司,115學年度國民中學社會第3冊課本、習作,三版 / 1111400378 / 1141400967,NAER清冊第96列；國審字第109030,https://textbooks.naer.edu.tw/DownLoadFile.aspx?ASParam=TUZIRSs3NSUyNjglMjQlN2QlMWIlMDR1eSUwZWdocCU3ZWZ3JTExd20lMWN1JTBiJTBjJTFiZm4lMDAlMTIlN2V3ZnQlMDMlMWVwJTBiJTBjJTA2JTFkJTFldg==,a2de4a4efa1ddbb45503e92d689e00e0b493e40d999b088c0f6c64164f4e5d52,official catalog metadata only; publisher full text not acquired,modern publisher textbook protected; metadata only,,volume and grade metadata only; no teaching sequence inferred,not reviewed at catalog layer,not reviewed at catalog layer,not copied or reviewed at catalog layer,not reviewed at catalog layer,reference candidate only; official curriculum remains scope authority,pending public-resource review,115學年度國民小學及國民中學審定本教科用書清冊
integrated_social,8,2,南一書局企業股份有限公司,115學年度國民中學社會第4冊課本、習作,再版 / 1111400992,NAER清冊第97列；國審字第109082,https://textbooks.naer.edu.tw/DownLoadFile.aspx?ASParam=TUZIRSs3NSUyNjglMjQlN2QlMWIlMDR1eSUwZWdocCU3ZWZ3JTExd20lMWN1JTBiJTBjJTFiZm4lMDAlMTIlN2V3ZnQlMDMlMWVwJTBiJTBjJTA2JTFkJTFldg==,a2de4a4efa1ddbb45503e92d689e00e0b493e40d999b088c0f6c64164f4e5d52,official catalog metadata only; publisher full text not acquired,modern publisher textbook protected; metadata only,,volume and grade metadata only; no teaching sequence inferred,not reviewed at catalog layer,not reviewed at catalog layer,not copied or reviewed at catalog layer,not reviewed at catalog layer,reference candidate only; official curriculum remains scope authority,pending public-resource review,115學年度國民小學及國民中學審定本教科用書清冊
integrated_social,8,2,南億興業股份有限公司,115學年度國民中學社會第4冊課本、習作,初版,NAER清冊第98列；國審字第114002,https://textbooks.naer.edu.tw/DownLoadFile.aspx?ASParam=TUZIRSs3NSUyNjglMjQlN2QlMWIlMDR1eSUwZWdocCU3ZWZ3JTExd20lMWN1JTBiJTBjJTFiZm4lMDAlMTIlN2V3ZnQlMDMlMWVwJTBiJTBjJTA2JTFkJTFldg==,a2de4a4efa1ddbb45503e92d689e00e0b493e40d999b088c0f6c64164f4e5d52,official catalog metadata only; publisher full text not acquired,modern publisher textbook protected; metadata only,,volume and grade metadata only; no teaching sequence inferred,not reviewed at catalog layer,not reviewed at catalog layer,not copied or reviewed at catalog layer,not reviewed at catalog layer,reference candidate only; official curriculum remains scope authority,pending public-resource review,115學年度國民小學及國民中學審定本教科用書清冊
integrated_social,8,2,康軒文教事業股份有限公司,115學年度國民中學社會第4冊課本、習作,三版 / 1111401051 / 1141402202,NAER清冊第99列；國審字第109078,https://textbooks.naer.edu.tw/DownLoadFile.aspx?ASParam=TUZIRSs3NSUyNjglMjQlN2QlMWIlMDR1eSUwZWdocCU3ZWZ3JTExd20lMWN1JTBiJTBjJTFiZm4lMDAlMTIlN2V3ZnQlMDMlMWVwJTBiJTBjJTA2JTFkJTFldg==,a2de4a4efa1ddbb45503e92d689e00e0b493e40d999b088c0f6c64164f4e5d52,official catalog metadata only; publisher full text not acquired,modern publisher textbook protected; metadata only,,volume and grade metadata only; no teaching sequence inferred,not reviewed at catalog layer,not reviewed at catalog layer,not copied or reviewed at catalog layer,not reviewed at catalog layer,reference candidate only; official curriculum remains scope authority,pending public-resource review,115學年度國民小學及國民中學審定本教科用書清冊
integrated_social,8,2,翰林出版事業股份有限公司,115學年度國民中學社會第4冊課本、習作,三版 / 1111401024 / 1141402200,NAER清冊第100列；國審字第109075,https://textbooks.naer.edu.tw/DownLoadFile.aspx?ASParam=TUZIRSs3NSUyNjglMjQlN2QlMWIlMDR1eSUwZWdocCU3ZWZ3JTExd20lMWN1JTBiJTBjJTFiZm4lMDAlMTIlN2V3ZnQlMDMlMWVwJTBiJTBjJTA2JTFkJTFldg==,a2de4a4efa1ddbb45503e92d689e00e0b493e40d999b088c0f6c64164f4e5d52,official catalog metadata only; publisher full text not acquired,modern publisher textbook protected; metadata only,,volume and grade metadata only; no teaching sequence inferred,not reviewed at catalog layer,not reviewed at catalog layer,not copied or reviewed at catalog layer,not reviewed at catalog layer,reference candidate only; official curriculum remains scope authority,pending public-resource review,115學年度國民小學及國民中學審定本教科用書清冊
integrated_social,9,1,南一書局企業股份有限公司,115學年度國民中學社會第5冊課本、習作,再版 / 1121401209,NAER清冊第101列；國審字第110061,https://textbooks.naer.edu.tw/DownLoadFile.aspx?ASParam=TUZIRSs3NSUyNjglMjQlN2QlMWIlMDR1eSUwZWdocCU3ZWZ3JTExd20lMWN1JTBiJTBjJTFiZm4lMDAlMTIlN2V3ZnQlMDMlMWVwJTBiJTBjJTA2JTFkJTFldg==,a2de4a4efa1ddbb45503e92d689e00e0b493e40d999b088c0f6c64164f4e5d52,official catalog metadata only; publisher full text not acquired,modern publisher textbook protected; metadata only,,volume and grade metadata only; no teaching sequence inferred,not reviewed at catalog layer,not reviewed at catalog layer,not copied or reviewed at catalog layer,not reviewed at catalog layer,reference candidate only; official curriculum remains scope authority,pending public-resource review,115學年度國民小學及國民中學審定本教科用書清冊
integrated_social,9,1,南億興業股份有限公司,115學年度國民中學社會第5冊課本、習作,初版,NAER清冊第102列；國審字第115002,https://textbooks.naer.edu.tw/DownLoadFile.aspx?ASParam=TUZIRSs3NSUyNjglMjQlN2QlMWIlMDR1eSUwZWdocCU3ZWZ3JTExd20lMWN1JTBiJTBjJTFiZm4lMDAlMTIlN2V3ZnQlMDMlMWVwJTBiJTBjJTA2JTFkJTFldg==,a2de4a4efa1ddbb45503e92d689e00e0b493e40d999b088c0f6c64164f4e5d52,official catalog metadata only; publisher full text not acquired,modern publisher textbook protected; metadata only,,volume and grade metadata only; no teaching sequence inferred,not reviewed at catalog layer,not reviewed at catalog layer,not copied or reviewed at catalog layer,not reviewed at catalog layer,reference candidate only; official curriculum remains scope authority,pending public-resource review,115學年度國民小學及國民中學審定本教科用書清冊
integrated_social,9,1,康軒文教事業股份有限公司,115學年度國民中學社會第5冊課本、習作,三版 / 1121401277 / 1151401027,NAER清冊第103列；國審字第110055,https://textbooks.naer.edu.tw/DownLoadFile.aspx?ASParam=TUZIRSs3NSUyNjglMjQlN2QlMWIlMDR1eSUwZWdocCU3ZWZ3JTExd20lMWN1JTBiJTBjJTFiZm4lMDAlMTIlN2V3ZnQlMDMlMWVwJTBiJTBjJTA2JTFkJTFldg==,a2de4a4efa1ddbb45503e92d689e00e0b493e40d999b088c0f6c64164f4e5d52,official catalog metadata only; publisher full text not acquired,modern publisher textbook protected; metadata only,,volume and grade metadata only; no teaching sequence inferred,not reviewed at catalog layer,not reviewed at catalog layer,not copied or reviewed at catalog layer,not reviewed at catalog layer,reference candidate only; official curriculum remains scope authority,pending public-resource review,115學年度國民小學及國民中學審定本教科用書清冊
integrated_social,9,1,翰林出版事業股份有限公司,115學年度國民中學社會第5冊課本、習作,三版 / 1121401301 / 1151400991,NAER清冊第104列；國審字第110054,https://textbooks.naer.edu.tw/DownLoadFile.aspx?ASParam=TUZIRSs3NSUyNjglMjQlN2QlMWIlMDR1eSUwZWdocCU3ZWZ3JTExd20lMWN1JTBiJTBjJTFiZm4lMDAlMTIlN2V3ZnQlMDMlMWVwJTBiJTBjJTA2JTFkJTFldg==,a2de4a4efa1ddbb45503e92d689e00e0b493e40d999b088c0f6c64164f4e5d52,official catalog metadata only; publisher full text not acquired,modern publisher textbook protected; metadata only,,volume and grade metadata only; no teaching sequence inferred,not reviewed at catalog layer,not reviewed at catalog layer,not copied or reviewed at catalog layer,not reviewed at catalog layer,reference candidate only; official curriculum remains scope authority,pending public-resource review,115學年度國民小學及國民中學審定本教科用書清冊
integrated_social,9,2,南一書局企業股份有限公司,115學年度國民中學社會第6冊課本、習作,再版 / 1121402828,NAER清冊第105列；國審字第110100,https://textbooks.naer.edu.tw/DownLoadFile.aspx?ASParam=TUZIRSs3NSUyNjglMjQlN2QlMWIlMDR1eSUwZWdocCU3ZWZ3JTExd20lMWN1JTBiJTBjJTFiZm4lMDAlMTIlN2V3ZnQlMDMlMWVwJTBiJTBjJTA2JTFkJTFldg==,a2de4a4efa1ddbb45503e92d689e00e0b493e40d999b088c0f6c64164f4e5d52,official catalog metadata only; publisher full text not acquired,modern publisher textbook protected; metadata only,,volume and grade metadata only; no teaching sequence inferred,not reviewed at catalog layer,not reviewed at catalog layer,not copied or reviewed at catalog layer,not reviewed at catalog layer,reference candidate only; official curriculum remains scope authority,pending public-resource review,115學年度國民小學及國民中學審定本教科用書清冊
integrated_social,9,2,康軒文教事業股份有限公司,115學年度國民中學社會第6冊課本、習作,再版 / 1121402860,NAER清冊第106列；國審字第110094,https://textbooks.naer.edu.tw/DownLoadFile.aspx?ASParam=TUZIRSs3NSUyNjglMjQlN2QlMWIlMDR1eSUwZWdocCU3ZWZ3JTExd20lMWN1JTBiJTBjJTFiZm4lMDAlMTIlN2V3ZnQlMDMlMWVwJTBiJTBjJTA2JTFkJTFldg==,a2de4a4efa1ddbb45503e92d689e00e0b493e40d999b088c0f6c64164f4e5d52,official catalog metadata only; publisher full text not acquired,modern publisher textbook protected; metadata only,,volume and grade metadata only; no teaching sequence inferred,not reviewed at catalog layer,not reviewed at catalog layer,not copied or reviewed at catalog layer,not reviewed at catalog layer,reference candidate only; official curriculum remains scope authority,pending public-resource review,115學年度國民小學及國民中學審定本教科用書清冊
integrated_social,9,2,翰林出版事業股份有限公司,115學年度國民中學社會第6冊課本、習作,再版 / 1121402642,NAER清冊第107列；國審字第110093,https://textbooks.naer.edu.tw/DownLoadFile.aspx?ASParam=TUZIRSs3NSUyNjglMjQlN2QlMWIlMDR1eSUwZWdocCU3ZWZ3JTExd20lMWN1JTBiJTBjJTFiZm4lMDAlMTIlN2V3ZnQlMDMlMWVwJTBiJTBjJTA2JTFkJTFldg==,a2de4a4efa1ddbb45503e92d689e00e0b493e40d999b088c0f6c64164f4e5d52,official catalog metadata only; publisher full text not acquired,modern publisher textbook protected; metadata only,,volume and grade metadata only; no teaching sequence inferred,not reviewed at catalog layer,not reviewed at catalog layer,not copied or reviewed at catalog layer,not reviewed at catalog layer,reference candidate only; official curriculum remains scope authority,pending public-resource review,115學年度國民小學及國民中學審定本教科用書清冊
integrated_natural,7,1,南一書局企業股份有限公司,115學年度國民中學自然科學第1冊課本、習作,三版 / 1101400924 / 1131401283,NAER清冊第108列；國審字第108023,https://textbooks.naer.edu.tw/DownLoadFile.aspx?ASParam=TUZIRSs3NSUyNjglMjQlN2QlMWIlMDR1eSUwZWdocCU3ZWZ3JTExd20lMWN1JTBiJTBjJTFiZm4lMDAlMTIlN2V3ZnQlMDMlMWVwJTBiJTBjJTA2JTFkJTFldg==,a2de4a4efa1ddbb45503e92d689e00e0b493e40d999b088c0f6c64164f4e5d52,official catalog metadata only; publisher full text not acquired,modern publisher textbook protected; metadata only,,volume and grade metadata only; no teaching sequence inferred,not reviewed at catalog layer,not reviewed at catalog layer,not copied or reviewed at catalog layer,not reviewed at catalog layer,reference candidate only; official curriculum remains scope authority,pending public-resource review,115學年度國民小學及國民中學審定本教科用書清冊
integrated_natural,7,1,康軒文教事業股份有限公司,115學年度國民中學自然科學第1冊課本、習作,三版 / 1101400812 / 1131400938,NAER清冊第109列；國審字第108022,https://textbooks.naer.edu.tw/DownLoadFile.aspx?ASParam=TUZIRSs3NSUyNjglMjQlN2QlMWIlMDR1eSUwZWdocCU3ZWZ3JTExd20lMWN1JTBiJTBjJTFiZm4lMDAlMTIlN2V3ZnQlMDMlMWVwJTBiJTBjJTA2JTFkJTFldg==,a2de4a4efa1ddbb45503e92d689e00e0b493e40d999b088c0f6c64164f4e5d52,official catalog metadata only; publisher full text not acquired,modern publisher textbook protected; metadata only,,volume and grade metadata only; no teaching sequence inferred,not reviewed at catalog layer,not reviewed at catalog layer,not copied or reviewed at catalog layer,not reviewed at catalog layer,reference candidate only; official curriculum remains scope authority,pending public-resource review,115學年度國民小學及國民中學審定本教科用書清冊
integrated_natural,7,1,翰林出版事業股份有限公司,115學年度國民中學自然科學第1冊課本、習作,三版 / 1101400881 / 1131401174,NAER清冊第110列；國審字第108026,https://textbooks.naer.edu.tw/DownLoadFile.aspx?ASParam=TUZIRSs3NSUyNjglMjQlN2QlMWIlMDR1eSUwZWdocCU3ZWZ3JTExd20lMWN1JTBiJTBjJTFiZm4lMDAlMTIlN2V3ZnQlMDMlMWVwJTBiJTBjJTA2JTFkJTFldg==,a2de4a4efa1ddbb45503e92d689e00e0b493e40d999b088c0f6c64164f4e5d52,official catalog metadata only; publisher full text not acquired,modern publisher textbook protected; metadata only,,volume and grade metadata only; no teaching sequence inferred,not reviewed at catalog layer,not reviewed at catalog layer,not copied or reviewed at catalog layer,not reviewed at catalog layer,reference candidate only; official curriculum remains scope authority,pending public-resource review,115學年度國民小學及國民中學審定本教科用書清冊
integrated_natural,7,2,南一書局企業股份有限公司,115學年度國民中學自然科學第2冊課本、習作,三版 / 1101401719 / 1131403044,NAER清冊第111列；國審字第108046,https://textbooks.naer.edu.tw/DownLoadFile.aspx?ASParam=TUZIRSs3NSUyNjglMjQlN2QlMWIlMDR1eSUwZWdocCU3ZWZ3JTExd20lMWN1JTBiJTBjJTFiZm4lMDAlMTIlN2V3ZnQlMDMlMWVwJTBiJTBjJTA2JTFkJTFldg==,a2de4a4efa1ddbb45503e92d689e00e0b493e40d999b088c0f6c64164f4e5d52,official catalog metadata only; publisher full text not acquired,modern publisher textbook protected; metadata only,,volume and grade metadata only; no teaching sequence inferred,not reviewed at catalog layer,not reviewed at catalog layer,not copied or reviewed at catalog layer,not reviewed at catalog layer,reference candidate only; official curriculum remains scope authority,pending public-resource review,115學年度國民小學及國民中學審定本教科用書清冊
integrated_natural,7,2,康軒文教事業股份有限公司,115學年度國民中學自然科學第2冊課本、習作,三版 / 1101401449 / 1131402745,NAER清冊第112列；國審字第108044,https://textbooks.naer.edu.tw/DownLoadFile.aspx?ASParam=TUZIRSs3NSUyNjglMjQlN2QlMWIlMDR1eSUwZWdocCU3ZWZ3JTExd20lMWN1JTBiJTBjJTFiZm4lMDAlMTIlN2V3ZnQlMDMlMWVwJTBiJTBjJTA2JTFkJTFldg==,a2de4a4efa1ddbb45503e92d689e00e0b493e40d999b088c0f6c64164f4e5d52,official catalog metadata only; publisher full text not acquired,modern publisher textbook protected; metadata only,,volume and grade metadata only; no teaching sequence inferred,not reviewed at catalog layer,not reviewed at catalog layer,not copied or reviewed at catalog layer,not reviewed at catalog layer,reference candidate only; official curriculum remains scope authority,pending public-resource review,115學年度國民小學及國民中學審定本教科用書清冊
integrated_natural,7,2,翰林出版事業股份有限公司,115學年度國民中學自然科學第2冊課本、習作,三版 / 1101401616 / 1131402728,NAER清冊第113列；國審字第108068,https://textbooks.naer.edu.tw/DownLoadFile.aspx?ASParam=TUZIRSs3NSUyNjglMjQlN2QlMWIlMDR1eSUwZWdocCU3ZWZ3JTExd20lMWN1JTBiJTBjJTFiZm4lMDAlMTIlN2V3ZnQlMDMlMWVwJTBiJTBjJTA2JTFkJTFldg==,a2de4a4efa1ddbb45503e92d689e00e0b493e40d999b088c0f6c64164f4e5d52,official catalog metadata only; publisher full text not acquired,modern publisher textbook protected; metadata only,,volume and grade metadata only; no teaching sequence inferred,not reviewed at catalog layer,not reviewed at catalog layer,not copied or reviewed at catalog layer,not reviewed at catalog layer,reference candidate only; official curriculum remains scope authority,pending public-resource review,115學年度國民小學及國民中學審定本教科用書清冊
integrated_natural,8,1,南一書局企業股份有限公司,115學年度國民中學自然科學第3冊課本、習作,三版 / 1111400233 / 1141400701,NAER清冊第114列；國審字第109011,https://textbooks.naer.edu.tw/DownLoadFile.aspx?ASParam=TUZIRSs3NSUyNjglMjQlN2QlMWIlMDR1eSUwZWdocCU3ZWZ3JTExd20lMWN1JTBiJTBjJTFiZm4lMDAlMTIlN2V3ZnQlMDMlMWVwJTBiJTBjJTA2JTFkJTFldg==,a2de4a4efa1ddbb45503e92d689e00e0b493e40d999b088c0f6c64164f4e5d52,official catalog metadata only; publisher full text not acquired,modern publisher textbook protected; metadata only,,volume and grade metadata only; no teaching sequence inferred,not reviewed at catalog layer,not reviewed at catalog layer,not copied or reviewed at catalog layer,not reviewed at catalog layer,reference candidate only; official curriculum remains scope authority,pending public-resource review,115學年度國民小學及國民中學審定本教科用書清冊
integrated_natural,8,1,康軒文教事業股份有限公司,115學年度國民中學自然科學第3冊課本、習作,三版 / 1111400318 / 1141400583,NAER清冊第115列；國審字第109032,https://textbooks.naer.edu.tw/DownLoadFile.aspx?ASParam=TUZIRSs3NSUyNjglMjQlN2QlMWIlMDR1eSUwZWdocCU3ZWZ3JTExd20lMWN1JTBiJTBjJTFiZm4lMDAlMTIlN2V3ZnQlMDMlMWVwJTBiJTBjJTA2JTFkJTFldg==,a2de4a4efa1ddbb45503e92d689e00e0b493e40d999b088c0f6c64164f4e5d52,official catalog metadata only; publisher full text not acquired,modern publisher textbook protected; metadata only,,volume and grade metadata only; no teaching sequence inferred,not reviewed at catalog layer,not reviewed at catalog layer,not copied or reviewed at catalog layer,not reviewed at catalog layer,reference candidate only; official curriculum remains scope authority,pending public-resource review,115學年度國民小學及國民中學審定本教科用書清冊
integrated_natural,8,1,翰林出版事業股份有限公司,115學年度國民中學自然科學第3冊課本、習作,三版 / 1111400320 / 1141400742,NAER清冊第116列；國審字第109020,https://textbooks.naer.edu.tw/DownLoadFile.aspx?ASParam=TUZIRSs3NSUyNjglMjQlN2QlMWIlMDR1eSUwZWdocCU3ZWZ3JTExd20lMWN1JTBiJTBjJTFiZm4lMDAlMTIlN2V3ZnQlMDMlMWVwJTBiJTBjJTA2JTFkJTFldg==,a2de4a4efa1ddbb45503e92d689e00e0b493e40d999b088c0f6c64164f4e5d52,official catalog metadata only; publisher full text not acquired,modern publisher textbook protected; metadata only,,volume and grade metadata only; no teaching sequence inferred,not reviewed at catalog layer,not reviewed at catalog layer,not copied or reviewed at catalog layer,not reviewed at catalog layer,reference candidate only; official curriculum remains scope authority,pending public-resource review,115學年度國民小學及國民中學審定本教科用書清冊
integrated_natural,8,2,南一書局企業股份有限公司,115學年度國民中學自然科學第4冊課本、習作,三版 / 1111400834 / 1141401666,NAER清冊第117列；國審字第109058,https://textbooks.naer.edu.tw/DownLoadFile.aspx?ASParam=TUZIRSs3NSUyNjglMjQlN2QlMWIlMDR1eSUwZWdocCU3ZWZ3JTExd20lMWN1JTBiJTBjJTFiZm4lMDAlMTIlN2V3ZnQlMDMlMWVwJTBiJTBjJTA2JTFkJTFldg==,a2de4a4efa1ddbb45503e92d689e00e0b493e40d999b088c0f6c64164f4e5d52,official catalog metadata only; publisher full text not acquired,modern publisher textbook protected; metadata only,,volume and grade metadata only; no teaching sequence inferred,not reviewed at catalog layer,not reviewed at catalog layer,not copied or reviewed at catalog layer,not reviewed at catalog layer,reference candidate only; official curriculum remains scope authority,pending public-resource review,115學年度國民小學及國民中學審定本教科用書清冊
integrated_natural,8,2,康軒文教事業股份有限公司,115學年度國民中學自然科學第4冊課本、習作,三版 / 1111400797 / 1141401598,NAER清冊第118列；國審字第109064,https://textbooks.naer.edu.tw/DownLoadFile.aspx?ASParam=TUZIRSs3NSUyNjglMjQlN2QlMWIlMDR1eSUwZWdocCU3ZWZ3JTExd20lMWN1JTBiJTBjJTFiZm4lMDAlMTIlN2V3ZnQlMDMlMWVwJTBiJTBjJTA2JTFkJTFldg==,a2de4a4efa1ddbb45503e92d689e00e0b493e40d999b088c0f6c64164f4e5d52,official catalog metadata only; publisher full text not acquired,modern publisher textbook protected; metadata only,,volume and grade metadata only; no teaching sequence inferred,not reviewed at catalog layer,not reviewed at catalog layer,not copied or reviewed at catalog layer,not reviewed at catalog layer,reference candidate only; official curriculum remains scope authority,pending public-resource review,115學年度國民小學及國民中學審定本教科用書清冊
integrated_natural,8,2,翰林出版事業股份有限公司,115學年度國民中學自然科學第4冊課本、習作,三版 / 1111400928 / 1141401964,NAER清冊第119列；國審字第109080,https://textbooks.naer.edu.tw/DownLoadFile.aspx?ASParam=TUZIRSs3NSUyNjglMjQlN2QlMWIlMDR1eSUwZWdocCU3ZWZ3JTExd20lMWN1JTBiJTBjJTFiZm4lMDAlMTIlN2V3ZnQlMDMlMWVwJTBiJTBjJTA2JTFkJTFldg==,a2de4a4efa1ddbb45503e92d689e00e0b493e40d999b088c0f6c64164f4e5d52,official catalog metadata only; publisher full text not acquired,modern publisher textbook protected; metadata only,,volume and grade metadata only; no teaching sequence inferred,not reviewed at catalog layer,not reviewed at catalog layer,not copied or reviewed at catalog layer,not reviewed at catalog layer,reference candidate only; official curriculum remains scope authority,pending public-resource review,115學年度國民小學及國民中學審定本教科用書清冊
integrated_natural,9,1,南一書局企業股份有限公司,"115學年度國民中學自然科學第5冊課本、習作第14頁,共18頁",三版 / 1121400844 / 1151400719,NAER清冊第120列；國審字第110026,https://textbooks.naer.edu.tw/DownLoadFile.aspx?ASParam=TUZIRSs3NSUyNjglMjQlN2QlMWIlMDR1eSUwZWdocCU3ZWZ3JTExd20lMWN1JTBiJTBjJTFiZm4lMDAlMTIlN2V3ZnQlMDMlMWVwJTBiJTBjJTA2JTFkJTFldg==,a2de4a4efa1ddbb45503e92d689e00e0b493e40d999b088c0f6c64164f4e5d52,official catalog metadata only; publisher full text not acquired,modern publisher textbook protected; metadata only,,volume and grade metadata only; no teaching sequence inferred,not reviewed at catalog layer,not reviewed at catalog layer,not copied or reviewed at catalog layer,not reviewed at catalog layer,reference candidate only; official curriculum remains scope authority,pending public-resource review,115學年度國民小學及國民中學審定本教科用書清冊
integrated_natural,9,1,康軒文教事業股份有限公司,115學年度國民中學自然科學第5冊課本、習作,三版 / 1121400299 / 1151400714,NAER清冊第121列；國審字第110019,https://textbooks.naer.edu.tw/DownLoadFile.aspx?ASParam=TUZIRSs3NSUyNjglMjQlN2QlMWIlMDR1eSUwZWdocCU3ZWZ3JTExd20lMWN1JTBiJTBjJTFiZm4lMDAlMTIlN2V3ZnQlMDMlMWVwJTBiJTBjJTA2JTFkJTFldg==,a2de4a4efa1ddbb45503e92d689e00e0b493e40d999b088c0f6c64164f4e5d52,official catalog metadata only; publisher full text not acquired,modern publisher textbook protected; metadata only,,volume and grade metadata only; no teaching sequence inferred,not reviewed at catalog layer,not reviewed at catalog layer,not copied or reviewed at catalog layer,not reviewed at catalog layer,reference candidate only; official curriculum remains scope authority,pending public-resource review,115學年度國民小學及國民中學審定本教科用書清冊
integrated_natural,9,1,翰林出版事業股份有限公司,115學年度國民中學自然科學第5冊課本、習作,三版 / 1121400815 / 1151400814,NAER清冊第122列；國審字第110040,https://textbooks.naer.edu.tw/DownLoadFile.aspx?ASParam=TUZIRSs3NSUyNjglMjQlN2QlMWIlMDR1eSUwZWdocCU3ZWZ3JTExd20lMWN1JTBiJTBjJTFiZm4lMDAlMTIlN2V3ZnQlMDMlMWVwJTBiJTBjJTA2JTFkJTFldg==,a2de4a4efa1ddbb45503e92d689e00e0b493e40d999b088c0f6c64164f4e5d52,official catalog metadata only; publisher full text not acquired,modern publisher textbook protected; metadata only,,volume and grade metadata only; no teaching sequence inferred,not reviewed at catalog layer,not reviewed at catalog layer,not copied or reviewed at catalog layer,not reviewed at catalog layer,reference candidate only; official curriculum remains scope authority,pending public-resource review,115學年度國民小學及國民中學審定本教科用書清冊
integrated_natural,9,2,南一書局企業股份有限公司,115學年度國民中學自然科學第6冊課本、習作,再版 / 1121402422,NAER清冊第123列；國審字第110079,https://textbooks.naer.edu.tw/DownLoadFile.aspx?ASParam=TUZIRSs3NSUyNjglMjQlN2QlMWIlMDR1eSUwZWdocCU3ZWZ3JTExd20lMWN1JTBiJTBjJTFiZm4lMDAlMTIlN2V3ZnQlMDMlMWVwJTBiJTBjJTA2JTFkJTFldg==,a2de4a4efa1ddbb45503e92d689e00e0b493e40d999b088c0f6c64164f4e5d52,official catalog metadata only; publisher full text not acquired,modern publisher textbook protected; metadata only,,volume and grade metadata only; no teaching sequence inferred,not reviewed at catalog layer,not reviewed at catalog layer,not copied or reviewed at catalog layer,not reviewed at catalog layer,reference candidate only; official curriculum remains scope authority,pending public-resource review,115學年度國民小學及國民中學審定本教科用書清冊
integrated_natural,9,2,康軒文教事業股份有限公司,115學年度國民中學自然科學第6冊課本、習作,再版 / 1121402001,NAER清冊第124列；國審字第110082,https://textbooks.naer.edu.tw/DownLoadFile.aspx?ASParam=TUZIRSs3NSUyNjglMjQlN2QlMWIlMDR1eSUwZWdocCU3ZWZ3JTExd20lMWN1JTBiJTBjJTFiZm4lMDAlMTIlN2V3ZnQlMDMlMWVwJTBiJTBjJTA2JTFkJTFldg==,a2de4a4efa1ddbb45503e92d689e00e0b493e40d999b088c0f6c64164f4e5d52,official catalog metadata only; publisher full text not acquired,modern publisher textbook protected; metadata only,,volume and grade metadata only; no teaching sequence inferred,not reviewed at catalog layer,not reviewed at catalog layer,not copied or reviewed at catalog layer,not reviewed at catalog layer,reference candidate only; official curriculum remains scope authority,pending public-resource review,115學年度國民小學及國民中學審定本教科用書清冊
integrated_natural,9,2,翰林出版事業股份有限公司,115學年度國民中學自然科學第6冊課本、習作,再版 / 1121402288,NAER清冊第125列；國審字第110086,https://textbooks.naer.edu.tw/DownLoadFile.aspx?ASParam=TUZIRSs3NSUyNjglMjQlN2QlMWIlMDR1eSUwZWdocCU3ZWZ3JTExd20lMWN1JTBiJTBjJTFiZm4lMDAlMTIlN2V3ZnQlMDMlMWVwJTBiJTBjJTA2JTFkJTFldg==,a2de4a4efa1ddbb45503e92d689e00e0b493e40d999b088c0f6c64164f4e5d52,official catalog metadata only; publisher full text not acquired,modern publisher textbook protected; metadata only,,volume and grade metadata only; no teaching sequence inferred,not reviewed at catalog layer,not reviewed at catalog layer,not copied or reviewed at catalog layer,not reviewed at catalog layer,reference candidate only; official curriculum remains scope authority,pending public-resource review,115學年度國民小學及國民中學審定本教科用書清冊
